UTLA Code,UTLA Name,LTLA Code,LTLA Name,Under 18,18-24,25-29,30-34,35-39,40-44,45-49,50-54,55-59,60-64,65-69,70-74,75-79,80+,18+,16+
E06000001,Hartlepool,E06000001,Hartlepool,20430,7648,6189,6593,6210,5613,5825,6970,7420,6486,5378,5163,3273,4673,77441,79678
E06000002,Middlesbrough,E06000002,Middlesbrough,36860,14542,12753,13082,11680,9707,9193,9675,10070,9183,7463,6546,4336,6147,124377,128137
E06000003,Redcar and Cleveland,E06000003,Redcar and Cleveland,27917,10042,8199,8779,8441,7793,8501,10369,11101,9808,8495,8712,6296,8098,114634,117724
E06000004,Stockton-on-Tees,E06000004,Stockton-on-Tees,43814,15914,13533,14369,14118,12703,12756,14394,14536,13132,10977,10379,6886,9029,162726,167353
E06000005,Darlington,E06000005,Darlington,23109,8290,6914,7556,7269,7169,7390,8257,8185,7258,6120,6097,4214,5911,90630,93279
E06000006,Halton,E06000006,Halton,29103,10483,8914,9643,9545,8673,9039,9728,9681,8467,7447,7209,4335,5254,108418,111546
E06000007,Warrington,E06000007,Warrington,45253,16372,14076,15635,15945,15056,15306,17094,16785,13406,11097,10940,8253,10423,180388,185382
E06000008,Blackburn with Darwen,E06000008,Blackburn with Darwen,41814,14976,11377,12192,12431,11204,10896,11132,9950,8423,6972,6326,4115,5427,125421,129983
E06000009,Blackpool,E06000009,Blackpool,30077,11447,9761,10938,9981,8871,9606,11513,11865,9916,8030,8111,5892,7789,123720,127111
E06000010,"Kingston upon Hull, City of",E06000010,"Kingston upon Hull, City of",61118,25362,22945,23518,21318,17790,17997,18565,18205,15576,12552,11538,7185,9953,222504,228580
E06000011,East Riding of Yorkshire,E06000011,East Riding of Yorkshire,62985,23194,18797,19519,19414,19137,22498,26427,27955,25532,23548,25723,17991,23620,293355,300758
E06000012,North East Lincolnshire,E06000012,North East Lincolnshire,34770,11988,10278,11603,10598,9285,10171,11749,12308,10546,8981,8958,6267,8867,131599,135335
E06000013,North Lincolnshire,E06000013,North Lincolnshire,35651,12691,10847,11803,11409,10205,11032,13162,13459,11819,10243,10349,7323,9478,143820,147765
E06000014,York,E06000014,York,36347,27001,18163,15895,15049,13815,13251,14348,13762,11776,10048,10702,7581,10884,182275,186392
E06000015,Derby,E06000015,Derby,62815,26851,21416,21873,21507,19382,18560,18695,17523,14250,11796,11376,8244,12155,223628,230297
E06000016,Leicester,E06000016,Leicester,92750,50754,36291,34674,33891,29599,25868,24193,21502,18782,14987,11810,7598,11160,321109,330980
E06000017,Rutland,E06000017,Rutland,8197,3371,2297,2465,2442,2419,2534,3023,2960,2749,2522,2849,2142,2861,34634,36010
E06000018,Nottingham,E06000018,Nottingham,73261,63655,34866,33909,28513,22930,20374,20112,18786,15014,11568,10151,7067,10381,297326,304629
E06000019,"Herefordshire, County of",E06000019,"Herefordshire, County of",35157,12899,10683,12118,11514,10863,11947,14321,15205,14014,12791,13151,9810,13163,162479,166480
E06000020,Telford and Wrekin,E06000020,Telford and Wrekin,43152,15807,12680,13700,13273,12199,12806,14023,13183,10737,9494,9254,6609,7805,151570,156137
E06000021,Stoke-on-Trent,E06000021,Stoke-on-Trent,62328,22959,19398,22226,20320,17533,17139,18251,17307,15117,12835,12191,8853,11356,215485,221779
E06000022,Bath and North East Somerset,E06000022,Bath and North East Somerset,37346,26922,15340,13616,12222,11765,12433,13403,13318,11371,9800,10127,7488,10895,168700,172886
E06000023,"Bristol, City of",E06000023,"Bristol, City of",99304,62268,52504,52819,45899,37459,31476,29546,27599,22199,18062,16629,11711,16608,424779,434554
E06000024,North Somerset,E06000024,North Somerset,45040,15298,12179,13763,14481,14413,15016,16320,16531,14039,12862,14122,10873,14570,184467,189373
E06000025,South Gloucestershire,E06000025,South Gloucestershire,61369,27218,22048,22508,21670,19797,19407,21345,20670,16671,13873,14341,11472,15231,246251,252622
E06000026,Plymouth,E06000026,Plymouth,54118,29082,21955,20996,19298,16868,16823,18411,18103,15919,13284,13406,9868,13084,227097,232863
E06000027,Torbay,E06000027,Torbay,26220,9610,7907,8466,7965,7675,8600,10535,11116,10130,9409,10081,7640,10238,119372,122459
E06000030,Swindon,E06000030,Swindon,54052,17453,16023,18788,18921,17350,17024,17374,16584,13653,10891,10077,7090,9706,190934,196273
E06000031,Peterborough,E06000031,Peterborough,59069,19393,18797,21738,21480,18618,16212,15432,13898,11551,9366,8475,5826,8322,189108,194962
E06000032,Luton,E06000032,Luton,63645,23270,19564,21682,21412,19407,16160,15341,13762,10938,8396,6858,5061,7714,189565,196162
E06000033,Southend-on-Sea,E06000033,Southend-on-Sea,40386,14103,12051,13248,13792,13375,13308,13540,13381,11063,9264,9521,6994,9816,153456,157562
E06000034,Thurrock,E06000034,Thurrock,46081,14178,12231,14795,14882,13360,12469,12498,11194,8782,7005,7011,4525,5887,138817,143372
E06000035,Medway,E06000035,Medway,67405,23527,19586,22085,21138,19738,18610,19926,19421,16240,13313,13236,9044,11113,226977,234119
E06000036,Bracknell Forest,E06000036,Bracknell Forest,29106,9978,8599,9944,10227,9876,9480,9527,8824,7285,5786,5136,3611,4813,103086,106422
E06000037,West Berkshire,E06000037,West Berkshire,36008,11890,9508,10744,11240,11406,12188,13233,12294,10308,8682,8747,6416,8113,134769,138958
E06000038,Reading,E06000038,Reading,40123,20277,18065,19842,19062,16447,13444,12135,10603,8305,6316,5647,4201,5983,160327,164199
E06000039,Slough,E06000039,Slough,46620,13817,12418,15734,17408,15818,12494,10635,8826,7394,5579,4114,2612,4076,130925,135220
E06000040,Windsor and Maidenhead,E06000040,Windsor and Maidenhead,35720,11635,9348,11067,12162,12847,12739,12740,11697,9535,7563,7565,5699,8339,132936,137202
E06000041,Wokingham,E06000041,Wokingham,42555,13492,10528,11904,13727,14907,14394,13325,12498,10301,8148,8303,6212,8585,146324,150805
E06000042,Milton Keynes,E06000042,Milton Keynes,72438,22851,20654,25008,26088,25182,22210,20900,18385,15462,12838,11525,7417,8961,237481,244997
E06000043,Brighton and Hove,E06000043,Brighton and Hove,51583,38687,29309,29303,25944,23990,23737,23230,20325,15017,11780,10895,7483,10889,270589,276731
E06000044,Portsmouth,E06000044,Portsmouth,43882,27988,21295,20542,19079,15433,14175,14713,13859,11328,8789,8428,6033,8312,189974,194402
E06000045,Southampton,E06000045,Southampton,52650,35424,28134,25801,22933,19797,16947,15580,14884,12635,10181,9256,6768,8940,227280,232270
E06000046,Isle of Wight,E06000046,Isle of Wight,24876,9271,7427,8058,7588,7620,8435,10803,11631,10869,10616,11344,8730,10533,122925,125790
E06000047,County Durham,E06000047,County Durham,102653,52762,35268,35186,33836,31634,33427,39632,40774,36037,31477,30891,21764,27404,450092,461602
E06000049,Cheshire East,E06000049,Cheshire East,80829,27412,23607,26341,26581,25602,27986,31500,31805,26639,22924,24682,18207,24107,337393,346253
E06000050,Cheshire West and Chester,E06000050,Cheshire West and Chester,71719,27542,22898,24538,24190,22449,24309,27229,27889,23592,20269,20876,15079,20133,300993,308837
E06000051,Shropshire,E06000051,Shropshire,59936,23639,17860,19303,18246,17555,20464,24711,25927,23260,21138,21970,17034,21788,272895,280521
E06000052,Cornwall,E06000052,Cornwall,108671,43945,32636,35295,33859,33612,36687,42526,44922,41628,38182,40806,29676,36454,490228,502342
E06000053,Isles of Scilly,E06000053,Isles of Scilly,362,240,268,209,190,180,145,162,182,143,124,146,133,163,2285,2319
E06000054,Wiltshire,E06000054,Wiltshire,106297,40449,31860,33858,32811,31309,34537,38602,39090,34155,29503,30357,22599,30183,429313,441692
E06000055,Bedford,E06000055,Bedford,43359,15136,13292,15115,14900,14243,13341,13834,12860,10528,8689,8590,5953,8497,154978,159563
E06000056,Central Bedfordshire,E06000056,Central Bedfordshire,65589,21185,19008,22105,21991,20518,20214,21789,21763,18051,14773,14900,10710,13159,240166,246604
E06000057,Northumberland,E06000057,Northumberland,59423,22196,17668,18606,18768,18458,20422,24007,26417,25149,22801,23109,15816,19895,273312,280225
E06000058,"Bournemouth, Christchurch and Poole",E06000058,"Bournemouth, Christchurch and Poole",77133,36332,28639,31412,31182,29042,27583,29194,28733,24911,21808,23176,17471,26093,355576,363832
E06000059,Dorset,E06000059,Dorset,68472,26160,19043,20354,20112,20193,22962,28077,30854,29671,27638,30775,23049,31665,330553,339244
E06000060,Buckinghamshire,E06000060,Buckinghamshire,127196,41613,33477,37347,39307,40622,40407,42623,40943,34020,27701,27571,20733,29269,455633,469754
E06000061,North Northamptonshire,E06000061,North Northamptonshire,82636,27005,23831,27184,26888,25208,25430,27821,26129,21489,18567,18678,13231,15846,297307,306296
E06000062,West Northamptonshire,E06000062,West Northamptonshire,96494,35506,30858,34885,33691,31602,31308,32623,30954,25098,20769,21140,14655,18183,361272,371344
E10000003,Cambridgeshire,E07000008,Cambridge,26596,30781,24276,22189,16678,12795,9969,8840,7712,6025,5097,4459,3266,4828,156915,160186
E10000003,Cambridgeshire,E07000009,East Cambridgeshire,18990,7011,6291,6847,6922,6755,6893,6948,6613,5633,4908,5118,3655,4930,78524,80619
E10000003,Cambridgeshire,E07000010,Fenland,21154,7957,7046,7571,7142,6547,6864,7943,8006,7032,6391,6443,4787,6174,89903,92113
E10000003,Cambridgeshire,E07000011,Huntingdonshire,37893,13211,11726,13631,13372,12656,13122,14211,13904,11815,10017,10515,7637,9256,155073,159099
E10000003,Cambridgeshire,E07000012,South Cambridgeshire,37626,11663,9791,11489,12313,13007,12797,12583,11912,9814,8472,8758,6543,8851,137993,142085
E10000006,Cumbria,E07000026,Allerdale,18185,6722,5552,5627,5577,5379,6132,7882,7848,7268,6409,6779,4573,6182,81930,83966
E10000006,Cumbria,E07000027,Barrow-in-Furness,13433,5302,4638,4710,4236,3750,4328,5281,5317,4561,3921,4095,2995,3599,56733,58223
E10000006,Cumbria,E07000028,Carlisle,21815,7858,7004,7340,7332,6550,7134,8095,8435,7820,6522,6519,4487,6265,91361,93760
E10000006,Cumbria,E07000029,Copeland,12803,4596,4070,4199,4064,3688,4247,5244,5842,5190,4405,4384,3026,3826,56781,58165
E10000006,Cumbria,E07000030,Eden,9171,3449,2713,2914,2878,2824,3345,4317,4760,4372,3855,3964,2783,3634,45808,46908
E10000006,Cumbria,E07000031,South Lakeland,17588,7105,5676,5976,5987,5847,6692,8246,8961,8244,7270,8034,5916,7906,91860,94257
E10000007,Derbyshire,E07000032,Amber Valley,24325,8939,7614,7955,7700,7596,8829,10226,10131,8678,7602,8211,5881,6830,106192,108769
E10000007,Derbyshire,E07000033,Bolsover,16218,5991,5576,5735,5317,4632,5407,6679,6288,5375,4491,4432,3482,3859,67264,68915
E10000007,Derbyshire,E07000034,Chesterfield,20156,7533,6822,6910,6633,6415,6961,7964,8204,7093,6124,6092,4522,5705,86978,89107
E10000007,Derbyshire,E07000035,Derbyshire Dales,12343,4818,3364,3491,3479,3896,4815,6067,6538,5812,5205,5575,4151,5163,62374,63999
E10000007,Derbyshire,E07000036,Erewash,22618,8339,7343,8032,7385,7060,7834,9056,8853,7278,6235,6485,4849,6097,94846,97359
E10000007,Derbyshire,E07000037,High Peak,17663,6667,5433,6014,5760,5605,6198,7650,7933,6903,5665,5648,4013,4747,78236,80235
E10000007,Derbyshire,E07000038,North East Derbyshire,19250,6832,5984,6053,5896,5814,6518,7917,7934,7244,6514,6884,5479,6431,85500,87670
E10000007,Derbyshire,E07000039,South Derbyshire,23323,7935,7003,7500,7270,6989,7572,8664,8045,6546,5829,5678,4031,4636,87698,90231
E10000008,Devon,E07000040,East Devon,26736,9938,7454,7862,7908,7911,8976,10647,11148,10723,10496,11990,9425,13361,127839,130897
E10000008,Devon,E07000041,Exeter,22910,24782,12337,10598,9747,8313,7865,8206,7642,6572,5735,5792,4293,6280,118162,120504
E10000008,Devon,E07000042,Mid Devon,17271,5885,4587,4823,5021,4862,5344,6353,6583,5810,5296,5480,4056,5210,69310,71320
E10000008,Devon,E07000043,North Devon,19540,7030,5821,6046,5573,5734,6305,7598,8065,7397,6437,7005,5367,6871,85249,87491
E10000008,Devon,E07000044,South Hams,15981,5868,4281,4678,4730,4876,5401,6749,7588,7314,6599,7070,5059,6371,76584,78469
E10000008,Devon,E07000045,Teignbridge,24937,9003,7153,7871,7726,7582,8431,10267,11217,10167,9591,10076,7581,9690,116355,119218
E10000008,Devon,E07000046,Torridge,12459,4603,3371,3677,3434,3572,4083,5251,5714,5588,5178,5509,4003,4833,58816,60226
E10000008,Devon,E07000047,West Devon,10181,3560,2601,2843,2892,2956,3446,4342,4952,4619,4216,4475,3363,4229,48494,49786
E10000011,East Sussex,E07000061,Eastbourne,20665,8086,6470,6967,6823,6568,6800,7394,7602,6747,6020,6712,4951,7699,88839,91265
E10000011,East Sussex,E07000062,Hastings,19531,6958,5993,6726,6455,6053,6195,7354,7320,6153,5416,5245,3583,4478,77929,79996
E10000011,East Sussex,E07000063,Lewes,19758,7069,5219,6004,5963,6047,6762,7851,7925,7052,6595,7130,5337,7644,86598,88931
E10000011,East Sussex,E07000064,Rother,16369,6182,4582,4691,4496,4524,5369,6875,7756,7386,7136,8409,6328,8738,82472,84467
E10000011,East Sussex,E07000065,Wealden,31450,10999,8109,8754,8616,8869,10406,12451,13167,11804,10568,11695,8955,11613,136006,139924
E10000012,Essex,E07000066,Basildon,46032,14899,13081,15076,14702,13252,12894,13844,12945,10963,8707,9069,6257,8537,154226,158856
E10000012,Essex,E07000067,Braintree,32654,11091,9230,10217,10024,9770,10729,12060,11242,9479,8460,9002,6341,7814,125459,128992
E10000012,Essex,E07000068,Brentwood,16691,5717,5050,5575,5517,5449,5420,5882,5937,4761,3901,4052,3001,4769,65031,66921
E10000012,Essex,E07000069,Castle Point,17972,6809,5370,5640,5519,5279,5706,6808,6790,5968,5446,6550,4924,6075,76884,78965
E10000012,Essex,E07000070,Chelmsford,39256,13726,12663,13780,13565,13050,13118,13508,12588,10533,9053,9798,7044,9670,152096,156307
E10000012,Essex,E07000071,Colchester,42211,22302,15976,15864,14625,13748,13273,13615,12606,10383,8899,9869,7057,8989,167206,171514
E10000012,Essex,E07000072,Epping Forest,29202,10244,8644,9755,9826,9738,9532,10541,10345,8520,7018,7197,5275,7418,114053,117148
E10000012,Essex,E07000073,Harlow,23385,7352,6741,8377,8257,7272,6235,6484,6248,5266,4192,3536,2479,3766,76205,78465
E10000012,Essex,E07000074,Maldon,12416,4766,3541,3631,3559,3595,4342,5470,5438,4942,4307,4762,3484,4235,56072,57541
E10000012,Essex,E07000075,Rochford,17377,6429,5109,5320,5221,5335,5850,6859,6714,5700,4884,5653,4176,5575,72825,74836
E10000012,Essex,E07000076,Tendring,27806,10140,7866,8390,7427,7562,8614,10634,11532,11121,10564,12248,9290,12063,127451,130517
E10000012,Essex,E07000077,Uttlesford,20627,6596,5132,5718,6216,6386,6571,7357,7104,5967,4940,5079,3747,4931,75744,78013
E10000013,Gloucestershire,E07000078,Cheltenham,24643,11357,9059,9273,9151,8171,7891,8286,8427,7065,5918,5951,4526,7045,102120,105060
E10000013,Gloucestershire,E07000079,Cotswold,16987,6646,4827,5048,5236,5382,6142,7157,7640,6757,6159,6380,4907,6485,78766,80772
E10000013,Gloucestershire,E07000080,Forest of Dean,16438,6769,4818,5130,4789,4474,5347,6740,7140,6364,5876,6083,4464,5464,73458,75507
E10000013,Gloucestershire,E07000081,Gloucester,29797,11315,9591,10414,9876,8749,8537,9589,9268,7754,6098,5831,4514,5921,107457,110580
E10000013,Gloucestershire,E07000082,Stroud,24293,8469,6662,7134,7154,7447,8483,9672,9638,8710,7558,7859,5623,7453,101862,104703
E10000013,Gloucestershire,E07000083,Tewkesbury,20434,6538,5747,6661,6343,6151,6156,6917,7181,6124,5632,5754,4371,5763,79338,81434
E10000014,Hampshire,E07000084,Basingstoke and Deane,40437,13593,12391,14552,14398,13606,13562,14249,13539,10808,8769,9100,6474,8112,153153,157110
E10000014,Hampshire,E07000085,East Hampshire,25526,8866,6688,7314,7373,7843,8677,9935,10232,9025,7441,7866,5905,8051,105216,108267
E10000014,Hampshire,E07000086,Eastleigh,29724,9419,8413,9804,9625,9353,9138,9851,9662,8415,7127,7161,5196,7376,110540,113563
E10000014,Hampshire,E07000087,Fareham,22085,8583,6457,7343,7158,6935,7561,8739,9255,8123,6720,7434,5791,8112,98211,100906
E10000014,Hampshire,E07000088,Gosport,17065,6438,5169,5498,5356,4849,5096,6022,6235,5539,4667,4900,3477,4713,67959,69839
E10000014,Hampshire,E07000089,Hart,22143,7799,5666,6547,6901,7231,7913,7833,7572,5962,4832,5328,4151,5582,83317,85889
E10000014,Hampshire,E07000090,Havant,25078,8931,7396,8168,7651,6945,7478,9228,9709,8933,7598,8014,6082,8661,104794,107562
E10000014,Hampshire,E07000091,New Forest,31585,11697,8998,9594,9586,9784,10929,13280,14662,13295,12450,13806,10516,15367,153964,157596
E10000014,Hampshire,E07000092,Rushmoor,21891,8293,8126,9703,8674,7585,7068,7389,7059,5346,4300,4337,3195,3860,84935,87147
E10000014,Hampshire,E07000093,Test Valley,27169,9319,8039,8945,8977,8741,9244,10151,10042,8406,7001,7663,5690,7405,109623,112511
E10000014,Hampshire,E07000094,Winchester,26732,13285,7891,7936,8226,8572,8965,9404,9356,8034,6698,7045,5364,7754,108530,111908
E10000015,Hertfordshire,E07000095,Broxbourne,22631,7974,6647,7543,7711,7267,7031,7636,7142,5810,4484,4648,3484,5070,82447,84789
E10000015,Hertfordshire,E07000096,Dacorum,35922,11437,10095,11999,12376,12161,11692,11631,11415,9606,7611,7230,5148,7585,129986,133621
E10000015,Hertfordshire,E07000098,Hertsmere,25516,8914,7375,8059,8769,8863,8332,8293,8160,6497,5236,5216,3840,5810,93364,96239
E10000015,Hertfordshire,E07000099,North Hertfordshire,29326,9261,8193,9420,9857,10088,10136,10028,9929,8080,6698,6880,5078,7528,111176,114311
E10000015,Hertfordshire,E07000102,Three Rivers,21864,7299,5681,6375,7124,7758,7671,7679,7325,5808,4680,4662,3387,4968,80417,82902
E10000015,Hertfordshire,E07000103,Watford,24950,8362,8737,10391,10436,9754,8313,7583,6458,5092,3890,3446,2549,3651,88662,91149
E10000016,Kent,E07000105,Ashford,30895,10465,8592,9669,9104,8762,9052,10374,9672,7895,6873,7427,5521,6640,110046,113561
E10000016,Kent,E07000106,Canterbury,30403,24465,12646,10775,9861,9375,9796,10656,10777,9637,8898,9572,6982,9314,142754,146802
E10000016,Kent,E07000107,Dartford,29873,8066,7735,9757,10089,9055,8072,7963,7284,5799,4508,4409,3045,4499,90281,93060
E10000016,Kent,E07000108,Dover,23880,8410,6946,7224,6893,6516,7001,8411,9107,8282,7560,7684,5674,6990,96698,99447
E10000016,Kent,E07000109,Gravesham,26843,8909,7430,8610,8556,7674,7357,7974,7551,6038,5050,4990,3696,5209,89044,91824
E10000016,Kent,E07000110,Maidstone,38974,12659,11433,13242,12785,11989,12051,12909,12321,10259,8717,9389,6716,8936,143406,147355
E10000016,Kent,E07000111,Sevenoaks,28121,8354,6442,7264,7864,8285,8668,9233,9057,7647,6547,7035,5269,7419,99084,102233
E10000016,Kent,E07000112,Folkestone and Hythe,21597,8206,6442,6850,6485,6652,6997,8307,8769,7807,7058,7889,5615,7125,94202,96576
E10000016,Kent,E07000113,Swale,34332,12105,10522,11902,11075,10066,10005,11163,11196,9256,7830,8450,5858,6959,126387,129862
E10000016,Kent,E07000114,Thanet,30365,10536,8603,9466,9103,8592,8990,10154,10403,9414,8756,9417,6843,8605,118882,122179
E10000016,Kent,E07000115,Tonbridge and Malling,30812,9352,7532,8586,8760,9076,9755,10099,9736,7860,6474,6955,5204,6937,106326,109755
E10000016,Kent,E07000116,Tunbridge Wells,27232,8591,6744,7805,8157,8396,8985,9296,8497,7020,5681,6075,4571,6513,96331,99642
E10000017,Lancashire,E07000117,Burnley,22405,7564,6586,7189,6750,6046,6095,6661,6575,5752,4773,4860,3305,3889,76045,78353
E10000017,Lancashire,E07000118,Chorley,24525,8120,6982,8075,8182,7726,8310,9342,8979,7552,6533,6986,4945,5722,97454,100092
E10000017,Lancashire,E07000119,Fylde,14119,5236,4289,4759,4920,4555,5021,6339,6990,6483,5622,6122,4737,6342,71415,73093
E10000017,Lancashire,E07000120,Hyndburn,19473,6819,5729,6127,5709,5109,5403,6189,5803,4960,4141,4286,3007,3629,66911,69035
E10000017,Lancashire,E07000121,Lancaster,27934,21775,11977,10255,9860,8818,8794,10147,10538,9341,8080,8182,5830,7833,131430,134418
E10000017,Lancashire,E07000122,Pendle,24402,7959,6416,7372,7276,6456,6317,6682,6466,5862,5001,5059,3325,4185,78376,80879
E10000017,Lancashire,E07000123,Preston,35194,18478,13805,12992,11751,10559,10068,10318,9895,8185,6401,5833,4078,5853,128216,131868
E10000017,Lancashire,E07000124,Ribble Valley,11883,4565,3162,3525,3479,3505,4109,5151,5363,4727,3876,4112,3030,3927,52531,54047
E10000017,Lancashire,E07000125,Rossendale,15729,5227,4455,4950,4754,4612,4964,5697,5529,4587,3947,3979,2599,3074,58374,60026
E10000017,Lancashire,E07000126,South Ribble,22709,7954,6535,7468,7112,6949,7721,8668,8836,7271,6453,6805,4763,6068,92603,95104
E10000017,Lancashire,E07000127,West Lancashire,22410,10206,6660,6977,6868,6514,7413,8929,9305,7924,6779,7139,5277,6608,96599,99240
E10000017,Lancashire,E07000128,Wyre,20611,7428,5933,6392,6293,5917,6662,8289,9107,8522,7803,8522,6326,8456,95650,98225
E10000018,Leicestershire,E07000129,Blaby,21898,7109,6208,7094,7093,6681,6813,7618,7413,6529,5462,5797,4270,5680,83767,86067
E10000018,Leicestershire,E07000130,Charnwood,35808,23423,13756,13520,12762,11491,11542,12802,12251,10828,9525,9442,6931,8950,157223,161166
E10000018,Leicestershire,E07000131,Harborough,19586,6810,5109,5576,5758,5955,6855,7732,7599,6441,5625,5897,4398,5536,79291,81654
E10000018,Leicestershire,E07000132,Hinckley and Bosworth,22697,7649,6785,7591,7529,7135,7693,8777,8512,7501,6776,7208,5226,6335,94717,97169
E10000018,Leicestershire,E07000133,Melton,10019,3426,2851,3048,2918,3097,3322,4226,4461,3698,3327,3461,2451,3010,43296,44366
E10000018,Leicestershire,E07000134,North West Leicestershire,21326,7729,6315,6885,6770,6492,7327,8262,7799,6547,5765,6086,4369,4907,85253,87632
E10000018,Leicestershire,E07000135,Oadby and Wigston,12462,5535,3798,3899,3849,3820,3735,4087,4124,3691,3062,3112,2401,3889,49002,50392
E10000019,Lincolnshire,E07000136,Boston,16297,6251,5677,6366,5992,5298,5345,5508,5439,4729,4069,4025,2931,3916,65546,67250
E10000019,Lincolnshire,E07000137,East Lindsey,24652,9194,7326,7803,7187,6944,8189,10724,12116,11846,11427,12464,9249,10683,125152,127980
E10000019,Lincolnshire,E07000138,Lincoln,19479,16187,9124,8646,7532,6577,6090,6375,6392,5282,4287,4121,2876,4127,87616,89640
E10000019,Lincolnshire,E07000139,North Kesteven,23178,8661,7125,7524,7319,6839,7720,9101,9305,7790,6800,7602,5848,7347,98981,101570
E10000019,Lincolnshire,E07000140,South Holland,18949,6834,5965,6521,6250,5850,6351,7236,7460,6401,5780,6308,4546,6185,81687,83542
E10000019,Lincolnshire,E07000141,South Kesteven,29522,9932,8093,8674,8775,8943,9985,11208,11307,9932,8764,9227,6918,8463,120221,123531
E10000019,Lincolnshire,E07000142,West Lindsey,18718,6305,5131,5473,5408,5181,5950,7309,7779,7065,6428,6754,5080,5840,79703,81836
E10000020,Norfolk,E07000143,Breckland,27394,10382,9081,9666,8832,8431,9042,10552,11009,9643,8974,9797,7259,9381,122049,124943
E10000020,Norfolk,E07000144,Broadland,24508,8730,6879,7642,7678,7873,8888,10181,10236,8982,8331,9270,6919,9621,111230,114019
E10000020,Norfolk,E07000145,Great Yarmouth,20708,8015,6879,7120,6595,6214,6650,7751,7900,7022,6412,6792,5052,6183,88585,90922
E10000020,Norfolk,E07000146,King's Lynn and West Norfolk,29002,10863,9491,10224,9461,8757,9785,11180,11944,10800,10030,10848,8275,10851,132509,135555
E10000020,Norfolk,E07000147,North Norfolk,16258,6346,4924,5041,4942,4829,5870,7353,8320,8712,8427,9543,7069,9553,90929,92929
E10000020,Norfolk,E07000148,Norwich,27489,22929,15654,14346,12726,10576,9439,9157,8309,6894,6128,5848,4172,5892,132070,134824
E10000020,Norfolk,E07000149,South Norfolk,28697,9298,7794,8611,8959,8724,9576,10410,10756,9493,8603,9536,7187,9367,118314,121509
E10000023,North Yorkshire,E07000163,Craven,10075,3811,2888,3088,3068,3185,3663,4623,4833,4605,4219,4275,3201,4115,49574,50759
E10000023,North Yorkshire,E07000164,Hambleton,15956,6213,4950,5106,4998,4937,5440,7114,7918,7063,6333,6730,4923,6577,78302,80199
E10000023,North Yorkshire,E07000165,Harrogate,33653,12658,9384,10053,10562,10763,11508,13375,13605,11822,9879,10459,7575,10850,142493,147833
E10000023,North Yorkshire,E07000166,Richmondshire,9646,6516,4022,3727,3218,2847,2946,3758,3933,3715,3205,3286,2293,2928,46394,47643
E10000023,North Yorkshire,E07000167,Ryedale,9833,3653,2780,3036,3011,2906,3436,4289,4780,4323,3983,4150,3033,4004,47384,48644
E10000023,North Yorkshire,E07000168,Scarborough,19854,7540,6309,6898,6254,5827,6724,8076,9054,8683,7887,8347,5941,7776,95316,97741
E10000023,North Yorkshire,E07000169,Selby,19055,6275,5543,6312,6038,5760,6289,7200,7344,6453,5315,5477,3728,4436,76170,78206
E10000024,Nottinghamshire,E07000170,Ashfield,27041,9452,8191,9154,8492,7850,8349,9792,9511,7864,6743,6751,5318,6190,103657,106422
E10000024,Nottinghamshire,E07000171,Bassetlaw,24162,8860,7847,8133,7625,7190,7938,9398,9592,8103,6983,7346,5394,6518,100927,103490
E10000024,Nottinghamshire,E07000172,Broxtowe,21712,9976,8420,8955,8382,7464,7284,8348,8290,7098,6223,6864,4963,6482,98749,100922
E10000024,Nottinghamshire,E07000173,Gedling,24081,8018,7268,8175,7860,7831,7955,9078,8942,7608,6756,7040,4969,6802,98302,100823
E10000024,Nottinghamshire,E07000174,Mansfield,23794,8008,7894,8746,8401,7112,7245,8330,8453,7242,6071,5791,4364,5294,92951,95297
E10000024,Nottinghamshire,E07000175,Newark and Sherwood,24898,9022,7765,8259,7863,7435,8163,9608,9681,8514,7371,7779,5702,7023,104185,106914
E10000024,Nottinghamshire,E07000176,Rushcliffe,24750,9467,6823,7424,7875,8254,8272,8994,8837,7446,6554,6925,5167,7155,99193,101914
E10000025,Oxfordshire,E07000177,Cherwell,35480,12436,11839,13791,13536,12189,11508,12282,11932,9632,7867,7820,5496,7656,137984,141742
E10000025,Oxfordshire,E07000178,Oxford,33477,42052,25575,21578,16751,13325,11001,10181,9295,7288,5756,5224,3771,5388,177185,182457
E10000025,Oxfordshire,E07000179,South Oxfordshire,31711,10732,9207,10447,10459,10395,10833,11938,11366,9362,7877,8027,6425,8619,125687,129185
E10000025,Oxfordshire,E07000180,Vale of White Horse,31085,9838,8966,10430,10549,10003,9871,10308,10158,8707,7245,7452,5536,7794,116857,120326
E10000025,Oxfordshire,E07000181,West Oxfordshire,23485,8358,7353,7970,7841,7695,7929,8757,8789,7442,6346,6612,5047,6927,97066,99662
E10000027,Somerset,E07000187,Mendip,24477,8461,6471,7199,7045,7118,8052,9631,9622,8260,7435,7730,5565,7335,99924,103222
E10000027,Somerset,E07000188,Sedgemoor,25089,9125,7481,7996,7718,7213,8002,9649,10024,8675,7822,8407,6098,7846,106056,108823
E10000027,Somerset,E07000189,South Somerset,33904,12634,10208,11050,10254,9721,10861,12790,13433,12090,11237,12288,9028,11590,147184,151066
E10000028,Staffordshire,E07000192,Cannock Chase,20604,7341,6645,7131,6668,5835,6668,7982,7683,6254,5424,5432,4047,4833,81943,84127
E10000028,Staffordshire,E07000193,East Staffordshire,27646,9340,8843,9748,9213,8367,8392,9439,9075,7836,6340,6322,4737,6071,103723,106648
E10000028,Staffordshire,E07000194,Lichfield,20441,7810,6645,7074,7020,7018,7525,8605,8203,6821,6254,6970,5792,6497,92234,94566
E10000028,Staffordshire,E07000195,Newcastle-under-Lyme,23852,12767,7957,8270,7929,7523,8039,9329,9190,8195,7045,7400,5381,7249,106274,109008
E10000028,Staffordshire,E07000196,South Staffordshire,19906,8384,6533,6817,6663,6174,7074,8678,9084,8089,6968,7347,6013,7473,95297,97554
E10000028,Staffordshire,E07000197,Stafford,26794,9445,8370,9650,9410,8919,9325,10801,10487,9148,8058,8477,6702,8302,117094,119931
E10000028,Staffordshire,E07000198,Staffordshire Moorlands,17664,6472,4998,5327,5301,5197,6275,8001,7779,6994,6394,7042,5258,6433,81471,83636
E10000028,Staffordshire,E07000199,Tamworth,17099,6105,5275,6048,5625,5057,5443,6056,5404,4820,4412,4301,3026,3329,64901,66758
E10000029,Suffolk,E07000200,Babergh,17476,6270,4582,5071,4949,5333,5969,7217,7312,6397,6044,6793,5153,6523,77613,79829
E10000029,Suffolk,E07000202,Ipswich,33925,11957,11092,12808,12562,11303,10100,9999,9273,7757,6546,6151,4315,6453,120316,123959
E10000029,Suffolk,E07000203,Mid Suffolk,19113,7231,5764,6130,5926,5790,6696,7855,8315,7421,6857,7335,5255,6633,87208,89547
E10000030,Surrey,E07000207,Elmbridge,36511,10554,7833,8921,10610,12702,12769,12111,10978,8576,6783,6646,4995,7738,121216,125211
E10000030,Surrey,E07000208,Epsom and Ewell,19051,6642,4946,5477,6282,6794,6606,6235,5840,4679,3829,4091,2972,4206,68599,70702
E10000030,Surrey,E07000209,Guildford,29310,18019,10742,10511,10286,10391,10683,10506,10331,8288,6701,6820,4932,7305,125515,129009
E10000030,Surrey,E07000210,Mole Valley,17903,6566,4893,4980,5421,6045,6695,7290,7373,6254,5373,5312,4218,6302,76722,79006
E10000030,Surrey,E07000211,Reigate and Banstead,35501,10667,9429,11616,12128,12080,11509,11307,11046,8877,7081,7357,5214,7828,126139,129718
E10000030,Surrey,E07000212,Runnymede,18399,10685,6742,6568,6528,6598,6686,6606,6426,5201,4048,4002,3052,4644,77786,79738
E10000030,Surrey,E07000213,Spelthorne,22942,7559,6915,8430,8567,8271,7553,7960,7856,6221,4865,4872,3733,5710,88512,90836
E10000030,Surrey,E07000214,Surrey Heath,19724,7015,5605,6208,6398,6656,7042,7447,7178,5753,4620,4676,3651,5299,77548,79863
E10000030,Surrey,E07000215,Tandridge,19778,6496,4756,5576,6003,6132,6425,7048,6899,5789,4827,4867,3751,5307,73876,76126
E10000030,Surrey,E07000216,Waverley,29466,10438,6643,7396,8337,9197,10094,10316,9613,8158,6842,7239,5812,8731,108816,112706
E10000030,Surrey,E07000217,Woking,25104,7799,7389,8598,9261,9385,8603,7909,7265,5861,4793,4627,3343,5130,89963,92498
E10000031,Warwickshire,E07000218,North Warwickshire,12874,4654,4027,4399,4109,3768,4368,5316,5262,4560,3833,4009,2996,3604,54905,56317
E10000031,Warwickshire,E07000219,Nuneaton and Bedworth,29632,10252,9272,10494,9818,8784,8954,9960,9557,8167,7060,7085,5359,6386,111148,114185
E10000031,Warwickshire,E07000220,Rugby,25761,8403,7815,9242,9247,8409,8234,8548,8158,6540,5310,5527,4516,5707,95656,98477
E10000031,Warwickshire,E07000221,Stratford-on-Avon,25832,9274,7838,8643,8490,8537,9515,11012,11232,9828,8585,9175,7355,9413,118897,121862
E10000031,Warwickshire,E07000222,Warwick,29493,12836,10529,12510,11967,11054,10557,10772,10336,8488,7352,7409,5782,7908,127500,130671
E10000032,West Sussex,E07000223,Adur,13287,4219,3482,4056,4201,4368,4642,4860,4725,4098,3660,4099,3114,4434,53958,55408
E10000032,West Sussex,E07000224,Arun,29569,10910,9212,10421,9862,9377,10015,11989,12588,11565,10990,12727,9767,13673,143096,146328
E10000032,West Sussex,E07000225,Chichester,22502,9969,7178,7555,7175,7113,7784,8969,9843,9216,8283,8918,7023,9841,108867,111364
E10000032,West Sussex,E07000226,Crawley,28454,9307,9085,11138,11144,9893,8424,8260,7551,6441,4861,4286,2706,4194,97290,100084
E10000032,West Sussex,E07000227,Horsham,30748,10403,8190,9058,9277,9569,10133,11554,11815,10089,8576,9091,6781,9409,123945,127643
E10000032,West Sussex,E07000228,Mid Sussex,34001,10462,8249,9999,10650,11078,11524,11809,11152,9232,8094,8344,6489,8921,126003,129825
E10000032,West Sussex,E07000229,Worthing,22089,7804,6695,7741,7652,7619,7935,8515,8262,6971,5979,6661,4904,7540,94278,96698
E10000034,Worcestershire,E07000234,Bromsgrove,21074,7055,5506,6083,6202,6290,6905,7795,7608,6462,5807,5850,4662,6458,82683,85184
E10000034,Worcestershire,E07000235,Malvern Hills,14733,5543,3778,4138,3969,4338,4878,6129,6694,6129,5540,6072,4496,6143,67847,69928
E10000034,Worcestershire,E07000236,Redditch,19430,6456,5980,6900,6739,6317,5843,6145,5795,5264,4987,4776,3180,3492,71874,73898
E10000034,Worcestershire,E07000237,Worcester,21227,9399,7861,8303,7650,7234,7139,7792,7438,5947,5133,4963,3593,4784,87236,89528
E10000034,Worcestershire,E07000238,Wychavon,25400,8827,7570,8415,8196,7863,8643,10393,10695,9299,8584,9097,6760,8699,113041,115943
E10000034,Worcestershire,E07000239,Wyre Forest,19678,7055,5786,6307,6084,5819,6762,8035,7852,6560,6417,7276,5665,6471,86089,88169
E10000015,Hertfordshire,E07000240,St Albans,37745,10524,8994,10308,11554,13128,13136,12375,10879,8568,6812,6799,5056,7643,125776,129914
E10000015,Hertfordshire,E07000241,Welwyn Hatfield,25975,14596,10397,9839,9647,9019,8074,8275,8065,6655,5119,4790,3578,5702,103756,106463
E10000015,Hertfordshire,E07000242,East Hertfordshire,33867,11682,9913,10602,10742,11069,11730,12099,11522,9305,7453,7670,5317,7527,126631,130597
E10000015,Hertfordshire,E07000243,Stevenage,20953,7047,6775,8077,7572,6633,6035,6660,6675,5313,3912,3554,2582,3796,74631,76721
E10000029,Suffolk,E07000244,East Suffolk,46538,17435,13379,14366,13894,13884,15596,18505,19395,18234,16937,18903,14076,18807,213411,219004
E10000029,Suffolk,E07000245,West Suffolk,34215,12380,11287,12695,12145,11606,11688,12901,12590,10673,9427,10345,7829,10276,145842,149684
E10000027,Somerset,E07000246,Somerset West and Taunton,30895,11165,9529,10389,10089,9270,9885,11540,12187,11141,10379,10766,8233,11376,135949,139788
E08000001,Bolton,E08000001,Bolton,75555,26102,20536,23118,22674,20422,20503,21778,20338,16917,14245,14461,10173,12496,243763,251867
E08000002,Bury,E08000002,Bury,45634,15374,12981,14925,14872,13288,13357,14330,14200,11756,9764,10189,7108,9031,161175,166124
E08000003,Manchester,E08000003,Manchester,141993,85321,70883,64100,56703,47633,39749,36904,31449,25081,18370,14834,9768,13160,513955,528303
E08000004,Oldham,E08000004,Oldham,63703,21792,16847,18680,18057,16645,16097,17229,15967,13295,11253,10846,7692,9525,193925,200815
E08000005,Rochdale,E08000005,Rochdale,57742,19035,15728,18043,17418,15825,15330,16404,15503,13276,11256,10572,7083,8767,184240,190210
E08000006,Salford,E08000006,Salford,62867,28495,29199,28548,24412,19350,16955,17233,16251,13525,10228,10286,7055,9382,230919,236840
E08000007,Stockport,E08000007,Stockport,64835,20978,18869,22334,22435,21175,20584,21828,21538,18493,15826,16054,11644,16723,248481,255212
E08000008,Tameside,E08000008,Tameside,53582,18306,16471,18404,17303,15480,15787,17735,17349,14332,11598,11782,8031,9683,192261,197717
E08000009,Trafford,E08000009,Trafford,57484,17487,14773,17448,19792,19267,18070,17844,17101,13955,11333,11079,8109,11894,198152,204203
E08000010,Wigan,E08000010,Wigan,69533,25080,21700,24140,23062,20602,22357,25956,24003,20211,17098,18431,13511,14661,270812,278239
E08000011,Knowsley,E08000011,Knowsley,35717,13189,11744,13135,11704,9667,9845,11606,12650,11101,8517,7047,4450,6602,131257,134868
E08000012,Liverpool,E08000012,Liverpool,103678,68416,50759,47731,41970,34623,31371,33181,34217,29978,23736,20662,13462,18620,448726,459121
E08000013,St. Helens,E08000013,St. Helens,37854,13760,12163,13191,12533,11328,12522,13966,13791,11785,10125,10582,7531,9359,152636,156695
E08000014,Sefton,E08000014,Sefton,54722,20395,16837,19165,18496,16734,17734,20916,22611,20355,17141,16659,12376,18423,237842,243979
E08000015,Wirral,E08000015,Wirral,67997,23952,20092,22315,21375,19958,21238,24125,25115,22360,19454,19325,13484,18855,271648,279224
E08000016,Barnsley,E08000016,Barnsley,52245,18433,17273,18431,17147,14944,16184,19588,18607,16078,13622,13240,9610,11518,204675,210098
E08000017,Doncaster,E08000017,Doncaster,68185,24566,22426,24576,22725,19894,20075,23082,23201,20437,17028,16612,11623,15478,261723,268789
E08000018,Rotherham,E08000018,Rotherham,59075,21304,17714,19233,18185,16497,17583,20350,19349,16922,14304,14296,10624,13164,219525,225858
E08000019,Sheffield,E08000019,Sheffield,120386,75986,53781,47534,41439,36853,35859,39441,36769,30954,25561,25049,19008,26404,494638,507390
E08000021,Newcastle upon Tyne,E08000021,Newcastle upon Tyne,60625,46531,34970,30545,25281,20420,18381,18292,18539,16283,13073,12060,7903,12015,274293,280343
E08000022,North Tyneside,E08000022,North Tyneside,42769,14595,12910,14891,15227,14507,14333,15274,15733,13967,12348,11895,7851,10960,174491,179007
E08000023,South Tyneside,E08000023,South Tyneside,30749,11154,10240,11468,10728,9757,9830,11285,11871,10870,8980,8472,5596,8023,128274,131571
E08000024,Sunderland,E08000024,Sunderland,55733,22625,19777,20946,19456,17459,18280,20956,21067,19560,16402,15684,10293,14306,236811,242885
E08000025,Birmingham,E08000025,Birmingham,312603,133923,104484,109031,102793,91678,80643,78534,69691,57545,45421,39083,28872,42896,984594,1018263
E08000026,Coventry,E08000026,Coventry,84479,57584,33641,32692,30166,26266,23655,24063,21607,17841,14307,13139,10259,14603,319823,328488
E08000027,Dudley,E08000027,Dudley,70184,24823,21278,22612,21459,19916,21072,24399,22940,19058,17016,17167,13873,18214,263827,271320
E08000028,Sandwell,E08000028,Sandwell,88942,31061,25192,28575,27919,25419,24379,24945,22383,18322,14606,13115,9979,13598,279493,288722
E08000029,Solihull,E08000029,Solihull,48996,16581,13568,14764,14969,14425,14898,16606,16322,13577,11178,12269,9595,13089,181841,187124
E08000030,Walsall,E08000030,Walsall,71909,24547,19781,21810,20975,19170,18554,20410,18929,16143,13341,12739,10029,14212,230640,238083
E08000031,Wolverhampton,E08000031,Wolverhampton,67868,23555,20474,23085,22094,19986,19303,19986,18093,15155,12613,11200,8433,12841,226818,233852
E08000032,Bradford,E08000032,Bradford,149368,52888,41071,45184,45282,41089,37372,37305,34254,30351,25147,22851,14537,21939,449270,465410
E08000033,Calderdale,E08000033,Calderdale,47756,16378,13618,14961,14846,14068,14930,16887,15974,13601,11255,11337,7763,9584,175202,180527
E08000034,Kirklees,E08000034,Kirklees,101241,40341,31498,32046,31285,29562,30010,32563,29882,25427,21575,21578,14967,19319,360053,371200
E08000035,Leeds,E08000035,Leeds,183349,98016,76347,74354,68969,60577,55171,55063,51439,43113,35071,35098,24323,34554,712095,730333
E08000036,Wakefield,E08000036,Wakefield,77289,27049,25387,27817,26428,22947,24280,27786,26268,22385,18985,18714,13283,16271,297600,305634
E08000037,Gateshead,E08000037,Gateshead,39597,16761,14332,14791,14392,12976,12904,14524,14768,12970,10826,10830,7424,10937,168435,172838
E09000001,City of London,E09000001,City of London,736,1196,1593,1420,1128,733,704,670,617,493,385,352,233,291,9815,9879
E09000002,Barking and Dagenham,E09000002,Barking and Dagenham,68843,21041,17911,21856,22080,19811,17083,15496,12762,9604,6668,5167,3516,5255,178250,184950
E09000003,Barnet,E09000003,Barnet,97186,35743,35548,39313,38746,36568,31788,28843,25397,21077,17063,15577,11167,16544,353374,363373
E09000004,Bexley,E09000004,Bexley,58381,19762,16375,18805,19078,18170,16980,17990,17419,14220,11091,10801,7972,11937,200600,206649
E09000005,Brent,E09000005,Brent,85254,39619,40231,44719,41779,35979,30046,27829,24009,19319,14055,10717,7666,11237,347205,356310
E09000006,Bromley,E09000006,Bromley,76278,23921,21004,25440,27651,27586,25787,25771,24128,19355,15309,16032,11552,17303,280839,288826
E09000007,Camden,E09000007,Camden,43092,38594,35846,34954,28580,22878,19098,16801,14172,11021,8326,7382,5312,6737,249701,254571
E09000008,Croydon,E09000008,Croydon,98201,35824,32812,38557,38089,34305,30380,30521,28879,22580,16743,14704,10287,15111,348792,359464
E09000009,Ealing,E09000009,Ealing,91798,38491,37497,43939,43316,39997,33722,29759,25552,20052,15378,12510,8586,12310,361109,370734
E09000010,Enfield,E09000010,Enfield,88586,30986,25778,28851,29275,28728,25963,25388,23259,18728,13934,11939,8658,13196,284683,294416
E09000011,Greenwich,E09000011,Greenwich,70724,27444,28146,33271,31125,26984,22064,20640,17644,13684,10123,8513,5869,7435,252942,259587
E09000012,Hackney,E09000012,Hackney,64507,28398,39847,45276,35437,26442,20195,18123,16148,11893,8112,6035,3814,5104,264824,271250
E09000013,Hammersmith and Fulham,E09000013,Hammersmith and Fulham,37761,23501,32348,32574,26962,21083,17003,14973,12472,9112,6780,5827,4051,5328,212014,215912
E09000014,Haringey,E09000014,Haringey,62020,26863,31953,36654,32882,28182,24195,22216,19172,14014,10048,7836,5289,7292,266596,273257
E09000015,Harrow,E09000015,Harrow,65872,24518,23395,26677,26875,24368,19955,18556,17289,15142,12481,10592,7762,11820,239430,246396
E09000016,Havering,E09000016,Havering,60365,20592,18162,20550,20525,18524,17193,18209,17840,15528,12293,12520,8917,13400,214253,220448
E09000017,Hillingdon,E09000017,Hillingdon,77543,31336,26403,29804,30738,28231,23885,22753,20656,16493,12771,11122,7827,12254,274273,282074
E09000018,Hounslow,E09000018,Hounslow,75199,27120,26664,34555,36346,31722,25357,22036,18905,15190,11828,9699,6581,8811,274814,282166
E09000019,Islington,E09000019,Islington,40326,29762,39531,41335,29811,21121,16224,15198,13690,10036,7236,6034,3975,5223,239176,243042
E09000020,Kensington and Chelsea,E09000020,Kensington and Chelsea,28727,18064,19430,20260,18274,16619,15731,14667,13218,9775,7337,6579,4754,6036,170744,173918
E09000021,Kingston upon Thames,E09000021,Kingston upon Thames,40382,17588,16298,16086,16335,16477,15227,13586,11669,9225,7362,7019,4819,6668,158359,162608
E09000022,Lambeth,E09000022,Lambeth,62403,38204,55767,53041,40135,32517,26812,25225,22286,16005,10704,7929,5183,7507,341315,347946
E09000023,Lewisham,E09000023,Lewisham,70318,27962,32507,37585,34368,29263,24242,22868,20873,15084,10099,7773,5482,7979,276085,283012
E09000024,Merton,E09000024,Merton,53478,18271,21020,24845,25344,23652,19624,17311,14791,11719,8863,7643,5202,7877,206162,211538
E09000025,Newham,E09000025,Newham,95473,44300,48545,54012,47325,36874,28684,24896,20003,15414,10570,7090,4421,6158,348292,357776
E09000026,Redbridge,E09000026,Redbridge,84647,29333,26442,32330,33233,29247,23768,21402,18693,15640,12237,10329,7021,10640,270315,278969
E09000027,Richmond upon Thames,E09000027,Richmond upon Thames,48818,15589,13564,15552,17902,20478,19852,17974,15706,11801,9285,9268,6479,8429,181879,186971
E09000028,Southwark,E09000028,Southwark,64091,37840,48069,47842,38082,30365,25654,24251,21352,15624,9894,7491,4888,6832,318184,324596
E09000029,Sutton,E09000029,Sutton,51210,15614,13925,16307,18239,18672,16517,15706,14487,11262,9050,8644,6083,8891,173397,178594
E09000030,Tower Hamlets,E09000030,Tower Hamlets,69593,45293,59334,58440,43274,30181,20908,16106,12423,9809,6924,4787,3085,4608,315172,321980
E09000031,Waltham Forest,E09000031,Waltham Forest,69788,24766,27342,35397,33784,28284,23172,21081,17771,13605,9823,7738,5437,7731,255931,262730
E09000032,Wandsworth,E09000032,Wandsworth,68752,33254,56224,54738,44908,36903,28812,23706,19586,14289,10421,9317,6221,8719,347098,353273
E09000033,Westminster,E09000033,Westminster,38783,30408,34270,34818,29398,24630,21469,19331,16704,12566,9154,7758,5553,7185,253244,257490
