VaccinationDate,age_group,first_dose,second_dose,third_dose
2020-12-20,20-29,392,0,0
2020-12-20,0-19,21,0,0
2020-12-20,80-89,94,0,0
2020-12-20,60-69,1517,0,0
2020-12-20,50-59,1790,0,0
2020-12-20,40-49,1868,0,0
2020-12-20,90+,<15,0,0
2020-12-20,70-79,495,0,0
2020-12-20,30-39,1199,0,0
2020-12-21,20-29,1067,0,0
2020-12-21,0-19,67,0,0
2020-12-21,80-89,1165,0,0
2020-12-21,60-69,7284,0,0
2020-12-21,90+,167,0,0
2020-12-21,40-49,3790,0,0
2020-12-21,70-79,4889,0,0
2020-12-21,30-39,2785,0,0
2020-12-21,50-59,3692,0,0
2020-12-22,90+,456,0,0
2020-12-22,0-19,99,0,0
2020-12-22,80-89,3498,0,0
2020-12-22,20-29,1576,0,0
2020-12-22,50-59,4663,0,0
2020-12-22,70-79,11762,0,0
2020-12-22,60-69,14432,0,0
2020-12-22,30-39,3604,0,0
2020-12-22,40-49,4537,0,0
2020-12-23,90+,1026,0,0
2020-12-23,20-29,2126,0,0
2020-12-23,0-19,160,0,0
2020-12-23,80-89,5680,0,0
2020-12-23,30-39,3866,0,0
2020-12-23,70-79,18013,0,0
2020-12-23,40-49,5041,0,0
2020-12-23,50-59,5341,0,0
2020-12-23,60-69,21617,0,0
2020-12-24,40-49,5216,0,0
2020-12-24,60-69,25643,0,0
2020-12-24,90+,1349,0,0
2020-12-24,80-89,7678,0,0
2020-12-24,30-39,3796,0,0
2020-12-24,70-79,21762,0,0
2020-12-24,20-29,2072,0,0
2020-12-24,0-19,202,0,0
2020-12-24,50-59,5667,0,0
2020-12-25,90+,764,0,0
2020-12-25,80-89,4531,0,0
2020-12-25,60-69,13408,0,0
2020-12-25,70-79,12285,0,0
2020-12-25,40-49,2251,0,0
2020-12-25,30-39,1391,0,0
2020-12-25,0-19,126,0,0
2020-12-25,20-29,756,0,0
2020-12-25,50-59,2970,0,0
2020-12-26,60-69,11903,0,0
2020-12-26,50-59,2408,0,0
2020-12-26,90+,690,0,0
2020-12-26,30-39,981,0,0
2020-12-26,70-79,10605,0,0
2020-12-26,40-49,1688,0,0
2020-12-26,20-29,486,0,0
2020-12-26,80-89,3750,0,0
2020-12-26,0-19,92,0,0
2020-12-27,50-59,10057,0,0
2020-12-27,80-89,11874,0,0
2020-12-27,20-29,3587,0,0
2020-12-27,0-19,490,0,0
2020-12-27,70-79,28546,0,0
2020-12-27,90+,2388,0,0
2020-12-27,60-69,32949,0,0
2020-12-27,30-39,6081,0,0
2020-12-27,40-49,8477,0,0
2020-12-28,0-19,1264,0,0
2020-12-28,20-29,6674,0,0
2020-12-28,30-39,9562,0,0
2020-12-28,40-49,13439,0,0
2020-12-28,70-79,32875,0,0
2020-12-28,50-59,14804,0,0
2020-12-28,80-89,13675,0,0
2020-12-28,90+,2611,0,0
2020-12-28,60-69,40017,0,0
2020-12-29,0-19,1443,0,0
2020-12-29,80-89,16457,0,0
2020-12-29,90+,4363,0,0
2020-12-29,70-79,35907,0,0
2020-12-29,30-39,11571,0,0
2020-12-29,20-29,7561,0,0
2020-12-29,60-69,43984,0,0
2020-12-29,40-49,16288,0,0
2020-12-29,50-59,18582,0,0
2020-12-30,20-29,8224,0,0
2020-12-30,90+,3896,0,0
2020-12-30,80-89,15460,0,0
2020-12-30,0-19,1451,0,0
2020-12-30,50-59,21058,0,0
2020-12-30,30-39,11689,0,0
2020-12-30,70-79,32963,0,0
2020-12-30,40-49,16193,0,0
2020-12-30,60-69,42066,0,0
2020-12-31,20-29,9671,0,0
2020-12-31,0-19,1801,0,0
2020-12-31,40-49,19375,0,0
2020-12-31,30-39,13822,0,0
2020-12-31,70-79,29633,0,0
2020-12-31,90+,3766,0,0
2020-12-31,60-69,38858,0,0
2020-12-31,80-89,14533,0,0
2020-12-31,50-59,26964,0,0
2021-01-01,90+,1478,0,0
2021-01-01,30-39,5787,0,0
2021-01-01,70-79,12482,0,0
2021-01-01,20-29,3330,0,0
2021-01-01,0-19,821,0,0
2021-01-01,80-89,6123,0,0
2021-01-01,60-69,17558,0,0
2021-01-01,50-59,14376,0,0
2021-01-01,40-49,9404,0,0
2021-01-02,60-69,14324,0,0
2021-01-02,90+,1629,0,0
2021-01-02,30-39,5595,0,0
2021-01-02,70-79,10363,0,0
2021-01-02,40-49,11794,0,0
2021-01-02,20-29,3344,0,0
2021-01-02,80-89,5430,0,0
2021-01-02,50-59,18343,0,0
2021-01-02,0-19,859,0,0
2021-01-03,70-79,25692,0,0
2021-01-03,30-39,12681,0,0
2021-01-03,40-49,19319,0,0
2021-01-03,60-69,35347,0,0
2021-01-03,90+,2965,0,0
2021-01-03,80-89,12986,0,0
2021-01-03,0-19,2144,0,0
2021-01-03,50-59,28684,0,0
2021-01-03,20-29,9819,0,0
2021-01-04,70-79,23449,0,0
2021-01-04,90+,2667,0,0
2021-01-04,30-39,14155,0,0
2021-01-04,60-69,32214,0,0
2021-01-04,40-49,22931,0,0
2021-01-04,50-59,30980,0,0
2021-01-04,20-29,11313,0,0
2021-01-04,80-89,12096,0,0
2021-01-04,0-19,2268,0,0
2021-01-05,50-59,23791,0,0
2021-01-05,60-69,28962,0,0
2021-01-05,70-79,20587,0,0
2021-01-05,20-29,8669,0,0
2021-01-05,30-39,11089,0,0
2021-01-05,40-49,17430,0,0
2021-01-05,90+,2288,0,0
2021-01-05,0-19,1831,0,0
2021-01-05,80-89,10419,0,0
2021-01-06,30-39,9118,0,0
2021-01-06,70-79,16453,0,0
2021-01-06,40-49,13774,0,0
2021-01-06,60-69,24571,0,0
2021-01-06,50-59,18791,0,0
2021-01-06,20-29,7924,0,0
2021-01-06,0-19,1682,0,0
2021-01-06,80-89,8827,0,0
2021-01-06,90+,2116,0,0
2021-01-07,50-59,25353,0,0
2021-01-07,60-69,23640,0,0
2021-01-07,40-49,19158,0,0
2021-01-07,30-39,11966,0,0
2021-01-07,70-79,15390,0,0
2021-01-07,90+,1758,0,0
2021-01-07,80-89,7974,0,0
2021-01-07,0-19,1957,0,0
2021-01-07,20-29,8779,0,0
2021-01-08,50-59,14595,0,0
2021-01-08,60-69,9683,0,0
2021-01-08,0-19,1916,0,0
2021-01-08,20-29,5761,0,0
2021-01-08,80-89,2803,0,0
2021-01-08,90+,619,0,0
2021-01-08,40-49,16234,0,0
2021-01-08,30-39,8985,0,0
2021-01-08,70-79,5807,0,0
2021-01-09,20-29,3455,0,0
2021-01-09,0-19,1019,0,0
2021-01-09,50-59,9765,0,0
2021-01-09,30-39,6905,0,0
2021-01-09,70-79,3244,0,0
2021-01-09,80-89,1553,0,0
2021-01-09,60-69,5420,0,0
2021-01-09,90+,331,0,0
2021-01-09,40-49,12813,0,0
2021-01-10,0-19,738,15,0
2021-01-10,20-29,3262,299,0
2021-01-10,80-89,1754,44,0
2021-01-10,50-59,7457,1539,0
2021-01-10,90+,361,<15,0
2021-01-10,70-79,3449,339,0
2021-01-10,30-39,5828,971,0
2021-01-10,60-69,5586,1209,0
2021-01-10,40-49,9161,1575,0
2021-01-11,20-29,1789,820,0
2021-01-11,80-89,868,868,0
2021-01-11,0-19,311,51,0
2021-01-11,60-69,2515,5581,0
2021-01-11,70-79,1700,3652,0
2021-01-11,40-49,5264,2974,0
2021-01-11,30-39,3356,2161,0
2021-01-11,90+,203,129,0
2021-01-11,50-59,5095,3014,0
2021-01-12,80-89,867,2721,0
2021-01-12,20-29,2433,1303,0
2021-01-12,0-19,351,75,0
2021-01-12,90+,182,353,0
2021-01-12,40-49,4495,3952,0
2021-01-12,70-79,1774,8939,0
2021-01-12,30-39,2938,3048,0
2021-01-12,60-69,3155,11291,0
2021-01-12,50-59,7802,3961,0
2021-01-13,80-89,1487,4975,0
2021-01-13,90+,240,928,0
2021-01-13,20-29,3827,1902,0
2021-01-13,0-19,695,137,0
2021-01-13,50-59,23382,5054,0
2021-01-13,70-79,3158,16243,0
2021-01-13,40-49,8034,4827,0
2021-01-13,60-69,6000,19138,0
2021-01-13,30-39,5171,3632,0
2021-01-14,70-79,2406,20241,0
2021-01-14,30-39,7247,3762,0
2021-01-14,90+,202,1188,0
2021-01-14,0-19,1048,167,0
2021-01-14,80-89,1094,6907,0
2021-01-14,20-29,5542,1947,0
2021-01-14,50-59,23378,5458,0
2021-01-14,40-49,10366,5157,0
2021-01-14,60-69,5119,23981,0
2021-01-15,80-89,557,4171,0
2021-01-15,20-29,3197,726,0
2021-01-15,0-19,698,118,0
2021-01-15,50-59,11827,2696,0
2021-01-15,90+,112,691,0
2021-01-15,30-39,4749,1308,0
2021-01-15,40-49,5935,2003,0
2021-01-15,70-79,1196,11489,0
2021-01-15,60-69,2424,12705,0
2021-01-16,20-29,2121,332,0
2021-01-16,0-19,542,65,0
2021-01-16,60-69,1683,9601,0
2021-01-16,90+,76,578,0
2021-01-16,80-89,357,3009,0
2021-01-16,70-79,750,8639,0
2021-01-16,30-39,3379,707,0
2021-01-16,40-49,8267,1283,0
2021-01-16,50-59,12244,1786,0
2021-01-17,90+,190,1783,0
2021-01-17,70-79,2272,24630,0
2021-01-17,30-39,6832,4589,0
2021-01-17,20-29,10421,2577,0
2021-01-17,0-19,2686,311,0
2021-01-17,80-89,1056,9661,0
2021-01-17,60-69,4492,27167,0
2021-01-17,40-49,18417,6379,0
2021-01-17,50-59,21994,7405,0
2021-01-18,80-89,885,12572,0
2021-01-18,20-29,15058,4766,0
2021-01-18,50-59,15898,12824,0
2021-01-18,60-69,3963,36401,0
2021-01-18,70-79,1923,30794,0
2021-01-18,90+,146,2541,0
2021-01-18,30-39,7337,8169,0
2021-01-18,40-49,20616,11523,0
2021-01-18,0-19,3841,734,0
2021-01-19,30-39,9139,9602,0
2021-01-19,70-79,1962,32865,0
2021-01-19,40-49,25351,13679,0
2021-01-19,90+,203,3847,0
2021-01-19,80-89,866,15064,0
2021-01-19,60-69,3910,39365,0
2021-01-19,20-29,14012,6697,0
2021-01-19,0-19,3132,1105,0
2021-01-19,50-59,14170,15473,0
2021-01-20,90+,142,3383,0
2021-01-20,30-39,12696,10778,0
2021-01-20,70-79,1830,32205,0
2021-01-20,60-69,3658,40113,0
2021-01-20,40-49,29705,14837,0
2021-01-20,0-19,2934,1334,0
2021-01-20,50-59,12896,18688,0
2021-01-20,20-29,12051,7887,0
2021-01-20,80-89,818,14388,0
2021-01-21,50-59,11080,25764,0
2021-01-21,20-29,9616,9673,0
2021-01-21,80-89,992,15741,0
2021-01-21,60-69,3857,41943,0
2021-01-21,70-79,2062,32947,0
2021-01-21,40-49,26048,18915,0
2021-01-21,30-39,13689,13526,0
2021-01-21,90+,213,4017,0
2021-01-21,0-19,2279,1740,0
2021-01-22,40-49,15361,8664,0
2021-01-22,30-39,8126,5540,0
2021-01-22,70-79,929,13718,0
2021-01-22,60-69,2079,18523,0
2021-01-22,50-59,5599,12975,0
2021-01-22,20-29,3878,3066,0
2021-01-22,80-89,503,6330,0
2021-01-22,90+,114,1505,0
2021-01-22,0-19,1221,722,0
2021-01-23,70-79,808,9405,0
2021-01-23,60-69,1578,12436,0
2021-01-23,40-49,14571,7516,0
2021-01-23,50-59,5960,11311,0
2021-01-23,90+,106,1493,0
2021-01-23,30-39,6360,3776,0
2021-01-23,20-29,3484,2159,0
2021-01-23,0-19,6653,483,0
2021-01-23,80-89,386,4946,0
2021-01-24,60-69,3635,33283,0
2021-01-24,50-59,8491,27017,0
2021-01-24,80-89,1002,12566,0
2021-01-24,0-19,12153,1764,0
2021-01-24,90+,221,2993,0
2021-01-24,70-79,1962,24550,0
2021-01-24,40-49,19959,18007,0
2021-01-24,30-39,10563,11717,0
2021-01-24,20-29,11033,8683,0
2021-01-25,50-59,9568,28234,0
2021-01-25,20-29,15495,9263,0
2021-01-25,0-19,14697,1864,0
2021-01-25,70-79,2076,22796,0
2021-01-25,40-49,20482,20110,0
2021-01-25,90+,251,2575,0
2021-01-25,60-69,3875,30381,0
2021-01-25,30-39,13364,12359,0
2021-01-25,80-89,1007,11807,0
2021-01-26,50-59,8399,25240,0
2021-01-26,20-29,15554,8325,0
2021-01-26,0-19,14430,1764,0
2021-01-26,80-89,930,10410,0
2021-01-26,30-39,14183,11265,0
2021-01-26,70-79,1959,20408,0
2021-01-26,60-69,3494,28380,0
2021-01-26,40-49,19424,18261,0
2021-01-26,90+,237,2237,0
2021-01-27,0-19,15734,2089,0
2021-01-27,20-29,14348,10236,0
2021-01-27,80-89,848,10044,0
2021-01-27,50-59,8428,23769,0
2021-01-27,60-69,3219,28304,0
2021-01-27,40-49,19646,17555,0
2021-01-27,30-39,13646,11184,0
2021-01-27,90+,229,2276,0
2021-01-27,70-79,1736,19464,0
2021-01-28,20-29,15975,9897,0
2021-01-28,0-19,13367,2125,0
2021-01-28,80-89,679,8931,0
2021-01-28,90+,173,1926,0
2021-01-28,40-49,16966,20979,0
2021-01-28,60-69,2982,27696,0
2021-01-28,50-59,7571,27722,0
2021-01-28,70-79,1513,18147,0
2021-01-28,30-39,20214,13070,0
2021-01-29,90+,42,626,0
2021-01-29,0-19,5628,1584,0
2021-01-29,80-89,261,3161,0
2021-01-29,50-59,3481,14255,0
2021-01-29,20-29,5979,4946,0
2021-01-29,40-49,8743,14188,0
2021-01-29,30-39,10681,7798,0
2021-01-29,70-79,534,6923,0
2021-01-29,60-69,1245,11248,0
2021-01-30,20-29,5168,3129,0
2021-01-30,0-19,4980,905,0
2021-01-30,80-89,176,1809,0
2021-01-30,50-59,3143,9669,0
2021-01-30,40-49,8809,10620,0
2021-01-30,70-79,458,3814,0
2021-01-30,90+,30,391,0
2021-01-30,30-39,10587,5810,0
2021-01-30,60-69,993,6569,0
2021-01-31,80-89,681,3534,0
2021-01-31,90+,168,741,0
2021-01-31,40-49,16121,12498,0
2021-01-31,30-39,21655,7537,0
2021-01-31,70-79,1556,6969,0
2021-01-31,60-69,2960,10822,0
2021-01-31,20-29,13336,4353,0
2021-01-31,0-19,9542,1047,0
2021-01-31,50-59,7231,11933,0
2021-02-01,80-89,844,1667,0
2021-02-01,90+,229,378,0
2021-02-01,70-79,1735,3400,0
2021-02-01,60-69,3061,5103,0
2021-02-01,30-39,24210,5031,0
2021-02-01,40-49,14860,8331,0
2021-02-01,20-29,19534,3033,0
2021-02-01,0-19,10342,579,0
2021-02-01,50-59,7591,7763,0
2021-02-02,50-59,6563,8856,0
2021-02-02,40-49,13321,6358,0
2021-02-02,60-69,2893,4611,0
2021-02-02,0-19,8622,439,0
2021-02-02,80-89,894,1400,0
2021-02-02,20-29,15766,2452,0
2021-02-02,90+,243,292,0
2021-02-02,30-39,19980,3945,0
2021-02-02,70-79,1691,2655,0
2021-02-03,50-59,5769,21547,0
2021-02-03,20-29,14712,3933,0
2021-02-03,80-89,865,1631,0
2021-02-03,0-19,6688,655,0
2021-02-03,30-39,17082,5196,0
2021-02-03,40-49,10646,8113,0
2021-02-03,90+,237,308,0
2021-02-03,60-69,2618,6496,0
2021-02-03,70-79,1571,3470,0
2021-02-04,20-29,22668,6219,0
2021-02-04,0-19,6551,1434,0
2021-02-04,30-39,23227,7379,0
2021-02-04,40-49,10518,10361,0
2021-02-04,70-79,1201,2780,0
2021-02-04,50-59,5257,22733,0
2021-02-04,90+,142,239,0
2021-02-04,80-89,645,1281,0
2021-02-04,60-69,2306,5587,0
2021-02-05,0-19,2753,525,0
2021-02-05,80-89,245,581,0
2021-02-05,90+,77,113,0
2021-02-05,30-39,11305,4169,0
2021-02-05,20-29,9931,2551,0
2021-02-05,70-79,547,1255,0
2021-02-05,40-49,5212,5522,0
2021-02-05,50-59,2705,11433,0
2021-02-05,60-69,1080,2579,0
2021-02-06,80-89,142,265,0
2021-02-06,20-29,6979,1537,0
2021-02-06,0-19,1944,341,0
2021-02-06,50-59,1627,10045,0
2021-02-06,90+,35,56,0
2021-02-06,70-79,264,635,0
2021-02-06,60-69,561,1430,0
2021-02-06,30-39,6936,2382,0
2021-02-06,40-49,3081,5497,0
2021-02-07,20-29,16783,9262,0
2021-02-07,0-19,4640,1828,0
2021-02-07,30-39,16506,7405,0
2021-02-07,70-79,1123,2453,0
2021-02-07,60-69,2090,4740,0
2021-02-07,40-49,7779,18392,0
2021-02-07,90+,166,226,0
2021-02-07,80-89,562,1177,0
2021-02-07,50-59,4369,23170,0
2021-02-08,70-79,1120,2023,0
2021-02-08,90+,135,163,0
2021-02-08,30-39,18057,6967,0
2021-02-08,50-59,4488,16485,0
2021-02-08,0-19,4305,2586,0
2021-02-08,80-89,569,926,0
2021-02-08,20-29,19932,12175,0
2021-02-08,60-69,2110,4047,0
2021-02-08,40-49,7836,19980,0
2021-02-09,80-89,630,852,0
2021-02-09,70-79,1256,1956,0
2021-02-09,90+,205,189,0
2021-02-09,20-29,22787,12084,0
2021-02-09,40-49,9114,23296,0
2021-02-09,60-69,2568,3828,0
2021-02-09,30-39,19100,8347,0
2021-02-09,50-59,5429,14195,0
2021-02-09,0-19,5157,2701,0
2021-02-10,40-49,9833,27821,0
2021-02-10,30-39,20619,11520,0
2021-02-10,70-79,1305,1843,0
2021-02-10,60-69,2707,3704,0
2021-02-10,90+,152,134,0
2021-02-10,80-89,574,828,0
2021-02-10,0-19,5406,2349,0
2021-02-10,20-29,24087,10806,0
2021-02-10,50-59,5752,13155,0
2021-02-11,90+,136,200,0
2021-02-11,30-39,23192,13670,0
2021-02-11,70-79,1412,2108,0
2021-02-11,40-49,11899,26515,0
2021-02-11,60-69,3144,3935,0
2021-02-11,50-59,6837,11676,0
2021-02-11,20-29,27392,10571,0
2021-02-11,0-19,6401,2293,0
2021-02-11,80-89,637,1010,0
2021-02-12,50-59,3478,5887,0
2021-02-12,60-69,1461,2112,0
2021-02-12,90+,61,102,0
2021-02-12,30-39,11151,7811,0
2021-02-12,40-49,5907,15139,0
2021-02-12,20-29,12975,3860,0
2021-02-12,70-79,606,951,0
2021-02-12,0-19,3092,1159,0
2021-02-12,80-89,286,480,0
2021-02-13,70-79,378,624,0
2021-02-13,90+,26,72,0
2021-02-13,30-39,7333,4643,0
2021-02-13,40-49,4287,11652,0
2021-02-13,60-69,1023,1311,0
2021-02-13,20-29,9121,2374,0
2021-02-13,50-59,2592,5386,0
2021-02-13,0-19,2472,4048,0
2021-02-13,80-89,170,278,0
2021-02-14,50-59,6972,8972,0
2021-02-14,60-69,3543,3674,0
2021-02-14,70-79,1665,2014,0
2021-02-14,30-39,19913,11309,0
2021-02-14,40-49,11646,21927,0
2021-02-14,90+,148,213,0
2021-02-14,20-29,23325,10011,0
2021-02-14,0-19,6890,9910,0
2021-02-14,80-89,718,953,0
2021-02-15,50-59,7855,9526,0
2021-02-15,60-69,3866,4026,0
2021-02-15,0-19,7499,12380,0
2021-02-15,80-89,813,1043,0
2021-02-15,20-29,25107,13201,0
2021-02-15,70-79,1751,2132,0
2021-02-15,40-49,12791,20501,0
2021-02-15,30-39,21540,12516,0
2021-02-15,90+,207,282,0
2021-02-16,20-29,26545,15885,0
2021-02-16,0-19,8484,14370,0
2021-02-16,50-59,7605,8476,0
2021-02-16,30-39,21423,13738,0
2021-02-16,70-79,1818,1968,0
2021-02-16,80-89,773,970,0
2021-02-16,90+,168,238,0
2021-02-16,60-69,3826,3529,0
2021-02-16,40-49,12697,19005,0
2021-02-17,0-19,6349,15019,0
2021-02-17,20-29,20646,15886,0
2021-02-17,50-59,5403,7959,0
2021-02-17,90+,87,160,0
2021-02-17,80-89,372,718,0
2021-02-17,40-49,9762,18297,0
2021-02-17,30-39,15902,12860,0
2021-02-17,60-69,2395,3012,0
2021-02-17,70-79,967,1609,0
2021-02-18,20-29,21871,15691,0
2021-02-18,80-89,389,647,0
2021-02-18,0-19,7294,14094,0
2021-02-18,60-69,2879,3066,0
2021-02-18,50-59,6351,7964,0
2021-02-18,70-79,1053,1514,0
2021-02-18,30-39,17974,18790,0
2021-02-18,40-49,11177,17735,0
2021-02-18,90+,69,147,0
2021-02-19,20-29,12686,6226,0
2021-02-19,0-19,4225,6176,0
2021-02-19,80-89,188,272,0
2021-02-19,60-69,1487,1344,0
2021-02-19,30-39,10571,10367,0
2021-02-19,70-79,481,607,0
2021-02-19,40-49,6386,9333,0
2021-02-19,90+,25,55,0
2021-02-19,50-59,3537,3697,0
2021-02-20,90+,28,21,0
2021-02-20,80-89,161,146,0
2021-02-20,0-19,3900,4458,0
2021-02-20,20-29,10150,4054,0
2021-02-20,50-59,2938,2888,0
2021-02-20,40-49,5226,7713,0
2021-02-20,60-69,1137,870,0
2021-02-20,30-39,7628,8142,0
2021-02-20,70-79,439,395,0
2021-02-21,80-89,767,825,0
2021-02-21,0-19,8552,10062,0
2021-02-21,20-29,23866,14411,0
2021-02-21,90+,173,212,0
2021-02-21,30-39,20592,22686,0
2021-02-21,70-79,1835,1738,0
2021-02-21,50-59,7310,7612,0
2021-02-21,40-49,12458,17571,0
2021-02-21,60-69,3807,3243,0
2021-02-22,20-29,25485,18497,0
2021-02-22,80-89,879,880,0
2021-02-22,0-19,8652,9551,0
2021-02-22,50-59,7704,7649,0
2021-02-22,60-69,4176,3223,0
2021-02-22,70-79,2123,1764,0
2021-02-22,90+,207,245,0
2021-02-22,30-39,22733,23533,0
2021-02-22,40-49,13004,15161,0
2021-02-23,20-29,23941,16266,0
2021-02-23,0-19,8456,9133,0
2021-02-23,90+,157,229,0
2021-02-23,60-69,3681,2882,0
2021-02-23,80-89,847,886,0
2021-02-23,70-79,1858,1698,0
2021-02-23,40-49,11641,13057,0
2021-02-23,30-39,19664,19629,0
2021-02-23,50-59,6979,6594,0
2021-02-24,90+,156,195,0
2021-02-24,30-39,15167,17212,0
2021-02-24,20-29,18778,15890,0
2021-02-24,70-79,1572,1584,0
2021-02-24,0-19,6840,7812,0
2021-02-24,80-89,710,816,0
2021-02-24,60-69,2958,2703,0
2021-02-24,50-59,5508,5868,0
2021-02-24,40-49,9280,10934,0
2021-02-25,80-89,623,657,0
2021-02-25,20-29,15263,18345,0
2021-02-25,50-59,5092,5355,0
2021-02-25,90+,142,164,0
2021-02-25,30-39,12910,20717,0
2021-02-25,40-49,8284,10278,0
2021-02-25,60-69,2656,2311,0
2021-02-25,70-79,1241,1248,0
2021-02-25,0-19,5393,5617,0
2021-02-26,30-39,6703,10554,0
2021-02-26,40-49,4289,5330,0
2021-02-26,70-79,536,538,0
2021-02-26,60-69,1196,1079,0
2021-02-26,80-89,289,249,0
2021-02-26,90+,51,67,0
2021-02-26,20-29,7508,8682,0
2021-02-26,0-19,2647,2725,0
2021-02-26,50-59,2600,2736,0
2021-02-27,90+,17,34,0
2021-02-27,30-39,4162,6907,0
2021-02-27,70-79,344,272,0
2021-02-27,60-69,740,560,0
2021-02-27,40-49,2872,3170,0
2021-02-27,50-59,1726,1605,0
2021-02-27,80-89,144,127,0
2021-02-27,20-29,5754,6531,0
2021-02-27,0-19,2527,1964,0
2021-02-28,60-69,2156,2079,0
2021-02-28,50-59,3833,4531,0
2021-02-28,20-29,11378,16633,0
2021-02-28,80-89,543,593,0
2021-02-28,30-39,9894,17096,0
2021-02-28,90+,94,170,0
2021-02-28,40-49,6404,8630,0
2021-02-28,70-79,1116,1139,0
2021-02-28,0-19,4835,4947,0
2021-03-01,30-39,11143,18947,0
2021-03-01,70-79,1341,1163,0
2021-03-01,60-69,2620,2182,0
2021-03-01,40-49,7137,8181,0
2021-03-01,20-29,13034,20654,0
2021-03-01,50-59,4507,4532,0
2021-03-01,0-19,5069,4931,0
2021-03-01,80-89,619,616,0
2021-03-01,90+,129,143,0
2021-03-02,50-59,4371,5122,0
2021-03-02,70-79,1436,1205,0
2021-03-02,40-49,6486,9042,0
2021-03-02,60-69,2802,2427,0
2021-03-02,90+,121,223,0
2021-03-02,30-39,9505,19080,0
2021-03-02,0-19,4279,4874,0
2021-03-02,80-89,574,648,0
2021-03-02,20-29,11479,22057,0
2021-03-03,50-59,4443,5543,0
2021-03-03,60-69,2848,2662,0
2021-03-03,80-89,639,618,0
2021-03-03,0-19,4856,5090,0
2021-03-03,20-29,11592,22776,0
2021-03-03,70-79,1546,1311,0
2021-03-03,30-39,9299,19330,0
2021-03-03,40-49,6536,9158,0
2021-03-03,90+,131,182,0
2021-03-04,0-19,4458,6146,0
2021-03-04,20-29,10919,26502,0
2021-03-04,50-59,4350,6706,0
2021-03-04,30-39,9034,22812,0
2021-03-04,60-69,2556,3099,0
2021-03-04,70-79,1223,1418,0
2021-03-04,90+,107,142,0
2021-03-04,40-49,6406,11547,0
2021-03-04,80-89,517,638,0
2021-03-05,50-59,1987,3414,0
2021-03-05,0-19,1764,3012,0
2021-03-05,80-89,207,268,0
2021-03-05,20-29,4733,13605,0
2021-03-05,90+,40,64,0
2021-03-05,70-79,493,625,0
2021-03-05,40-49,2953,6192,0
2021-03-05,30-39,4034,11744,0
2021-03-05,60-69,1027,1465,0
2021-03-06,0-19,1444,2099,0
2021-03-06,20-29,3239,8319,0
2021-03-06,80-89,77,155,0
2021-03-06,50-59,1168,2467,0
2021-03-06,60-69,588,935,0
2021-03-06,70-79,256,352,0
2021-03-06,90+,21,29,0
2021-03-06,30-39,2149,6996,0
2021-03-06,40-49,1688,3952,0
2021-03-07,20-29,8765,23074,0
2021-03-07,0-19,3879,6529,0
2021-03-07,40-49,4767,11080,0
2021-03-07,90+,135,131,0
2021-03-07,60-69,2024,3336,0
2021-03-07,30-39,6716,19778,0
2021-03-07,80-89,532,684,0
2021-03-07,50-59,3134,6551,0
2021-03-07,70-79,1096,1606,0
2021-03-08,90+,106,208,0
2021-03-08,80-89,424,773,0
2021-03-08,50-59,2751,7069,0
2021-03-08,20-29,8094,22563,0
2021-03-08,0-19,3353,6385,0
2021-03-08,30-39,5968,19536,0
2021-03-08,70-79,903,1651,0
2021-03-08,60-69,1635,3570,0
2021-03-08,40-49,4018,11447,0
2021-03-09,20-29,7720,24103,0
2021-03-09,70-79,815,1721,0
2021-03-09,80-89,430,766,0
2021-03-09,0-19,3350,7464,0
2021-03-09,50-59,2656,7087,0
2021-03-09,30-39,5851,19877,0
2021-03-09,90+,88,167,0
2021-03-09,40-49,4018,11781,0
2021-03-09,60-69,1700,3559,0
2021-03-10,80-89,341,422,0
2021-03-10,70-79,715,1032,0
2021-03-10,60-69,1292,2377,0
2021-03-10,90+,88,94,0
2021-03-10,40-49,3467,9026,0
2021-03-10,30-39,4936,14963,0
2021-03-10,20-29,6735,19579,0
2021-03-10,0-19,3466,5989,0
2021-03-10,50-59,2172,5106,0
2021-03-11,60-69,1325,2883,0
2021-03-11,90+,74,62,0
2021-03-11,80-89,322,403,0
2021-03-11,30-39,5243,18392,0
2021-03-11,40-49,3593,11262,0
2021-03-11,70-79,596,1072,0
2021-03-11,0-19,3102,6903,0
2021-03-11,50-59,2204,6333,0
2021-03-11,20-29,6707,21672,0
2021-03-12,50-59,1026,3834,0
2021-03-12,60-69,563,1511,0
2021-03-12,40-49,1764,6800,0
2021-03-12,20-29,3416,13141,0
2021-03-12,0-19,1427,4059,0
2021-03-12,80-89,112,182,0
2021-03-12,90+,28,20,0
2021-03-12,30-39,2554,11304,0
2021-03-12,70-79,278,482,0
2021-03-13,50-59,715,2351,0
2021-03-13,20-29,2553,8201,0
2021-03-13,80-89,53,148,0
2021-03-13,0-19,1125,2997,0
2021-03-13,60-69,331,931,0
2021-03-13,70-79,141,337,0
2021-03-13,90+,<15,26,0
2021-03-13,30-39,1682,6100,0
2021-03-13,40-49,1280,4104,0
2021-03-14,20-29,6311,22266,0
2021-03-14,0-19,2977,7361,0
2021-03-14,70-79,582,1687,0
2021-03-14,40-49,2988,11735,0
2021-03-14,50-59,1922,6770,0
2021-03-14,80-89,287,694,0
2021-03-14,90+,66,141,0
2021-03-14,30-39,4562,19723,0
2021-03-14,60-69,1185,3500,0
2021-03-15,0-19,2619,8052,0
2021-03-15,80-89,264,835,0
2021-03-15,90+,57,200,0
2021-03-15,20-29,6143,23765,0
2021-03-15,70-79,516,1963,0
2021-03-15,30-39,4546,20413,0
2021-03-15,60-69,1063,3809,0
2021-03-15,40-49,2976,12046,0
2021-03-15,50-59,1832,7089,0
2021-03-16,20-29,5684,22213,0
2021-03-16,70-79,526,1702,0
2021-03-16,80-89,263,758,0
2021-03-16,0-19,2580,7984,0
2021-03-16,50-59,1658,6377,0
2021-03-16,30-39,4047,18157,0
2021-03-16,60-69,1007,3392,0
2021-03-16,90+,76,141,0
2021-03-16,40-49,2790,10669,0
2021-03-17,20-29,5231,17904,0
2021-03-17,0-19,2356,6298,0
2021-03-17,30-39,3961,14900,0
2021-03-17,70-79,462,1573,0
2021-03-17,40-49,2640,8972,0
2021-03-17,80-89,231,699,0
2021-03-17,90+,45,158,0
2021-03-17,60-69,988,2905,0
2021-03-17,50-59,1671,5528,0
2021-03-18,90+,67,131,0
2021-03-18,30-39,3606,15025,0
2021-03-18,70-79,441,1294,0
2021-03-18,80-89,238,644,0
2021-03-18,50-59,1541,5551,0
2021-03-18,20-29,4620,17185,0
2021-03-18,0-19,2052,6003,0
2021-03-18,40-49,2427,9355,0
2021-03-18,60-69,926,2842,0
2021-03-19,20-29,1946,8375,0
2021-03-19,80-89,73,281,0
2021-03-19,30-39,1733,7525,0
2021-03-19,40-49,1122,4541,0
2021-03-19,90+,<15,41,0
2021-03-19,70-79,136,546,0
2021-03-19,60-69,322,1215,0
2021-03-19,50-59,667,2702,0
2021-03-19,0-19,823,2686,0
2021-03-20,30-39,1042,3380,0
2021-03-20,70-79,102,298,0
2021-03-20,60-69,230,604,0
2021-03-20,40-49,771,2457,0
2021-03-20,0-19,717,2067,0
2021-03-20,80-89,47,104,0
2021-03-20,90+,<15,<15,0
2021-03-20,20-29,1767,4907,0
2021-03-20,50-59,466,1430,0
2021-03-21,90+,47,101,0
2021-03-21,50-59,1192,3718,0
2021-03-21,70-79,376,1041,0
2021-03-21,40-49,1831,6249,0
2021-03-21,30-39,2949,10321,0
2021-03-21,60-69,749,2119,0
2021-03-21,0-19,1768,4546,0
2021-03-21,80-89,179,556,0
2021-03-21,20-29,3998,11781,0
2021-03-22,50-59,1207,3653,0
2021-03-22,60-69,738,1984,0
2021-03-22,20-29,4203,12012,0
2021-03-22,90+,69,125,0
2021-03-22,40-49,1903,6206,0
2021-03-22,70-79,415,1054,0
2021-03-22,30-39,3044,10258,0
2021-03-22,0-19,1699,4598,0
2021-03-22,80-89,163,555,0
2021-03-23,30-39,576,1760,0
2021-03-23,70-79,67,178,0
2021-03-23,40-49,393,1187,0
2021-03-23,90+,<15,18,0
2021-03-23,60-69,185,296,0
2021-03-23,20-29,836,2206,0
2021-03-23,0-19,324,827,0
2021-03-23,50-59,282,649,0
2021-03-23,80-89,27,89,0
2021-03-24,20-29,3512,14385,0
2021-03-24,50-59,912,4071,0
2021-03-24,90+,43,140,0
2021-03-24,60-69,550,2336,0
2021-03-24,30-39,2345,11376,0
2021-03-24,70-79,305,1261,0
2021-03-24,40-49,1640,6918,0
2021-03-24,0-19,1382,5302,0
2021-03-24,80-89,182,664,0
2021-03-25,60-69,550,1584,0
2021-03-25,50-59,935,3177,0
2021-03-25,20-29,3116,10937,0
2021-03-25,0-19,1273,4318,0
2021-03-25,80-89,152,414,0
2021-03-25,90+,45,97,0
2021-03-25,30-39,2275,8625,0
2021-03-25,40-49,1496,5416,0
2021-03-25,70-79,279,765,0
2021-03-26,20-29,1203,4177,0
2021-03-26,0-19,464,1532,0
2021-03-26,70-79,99,255,0
2021-03-26,30-39,997,3291,0
2021-03-26,50-59,394,1162,0
2021-03-26,80-89,43,141,0
2021-03-26,90+,18,31,0
2021-03-26,40-49,629,2129,0
2021-03-26,60-69,228,539,0
2021-03-27,0-19,256,544,0
2021-03-27,20-29,587,1501,0
2021-03-27,50-59,134,387,0
2021-03-27,80-89,<15,27,0
2021-03-27,90+,<15,<15,0
2021-03-27,60-69,82,164,0
2021-03-27,70-79,30,70,0
2021-03-27,30-39,389,876,0
2021-03-27,40-49,242,649,0
2021-03-28,20-29,731,1500,0
2021-03-28,0-19,287,681,0
2021-03-28,80-89,15,28,0
2021-03-28,60-69,69,189,0
2021-03-28,70-79,39,92,0
2021-03-28,90+,<15,<15,0
2021-03-28,40-49,291,711,0
2021-03-28,30-39,439,939,0
2021-03-28,50-59,181,429,0
2021-03-29,0-19,909,3643,0
2021-03-29,80-89,130,433,0
2021-03-29,70-79,230,825,0
2021-03-29,90+,47,107,0
2021-03-29,20-29,1871,8820,0
2021-03-29,40-49,1026,4702,0
2021-03-29,30-39,1422,7014,0
2021-03-29,60-69,461,1549,0
2021-03-29,50-59,717,2849,0
2021-03-30,90+,58,81,0
2021-03-30,80-89,158,376,0
2021-03-30,0-19,1124,2837,0
2021-03-30,20-29,2238,6680,0
2021-03-30,50-59,734,2121,0
2021-03-30,40-49,1065,3351,0
2021-03-30,70-79,279,614,0
2021-03-30,60-69,485,1168,0
2021-03-30,30-39,1599,5105,0
2021-03-31,30-39,1678,4708,0
2021-03-31,70-79,304,542,0
2021-03-31,0-19,1008,2322,0
2021-03-31,80-89,201,284,0
2021-03-31,20-29,2307,5662,0
2021-03-31,90+,58,74,0
2021-03-31,50-59,800,1780,0
2021-03-31,40-49,1185,2980,0
2021-03-31,60-69,491,1008,0
2021-04-01,20-29,2300,5745,0
2021-04-01,80-89,168,240,0
2021-04-01,0-19,1123,2373,0
2021-04-01,50-59,791,1650,0
2021-04-01,90+,48,63,0
2021-04-01,30-39,1622,4429,0
2021-04-01,40-49,1225,2768,0
2021-04-01,60-69,494,885,0
2021-04-01,70-79,265,429,0
2021-04-02,20-29,838,2553,0
2021-04-02,0-19,328,906,0
2021-04-02,70-79,65,145,0
2021-04-02,30-39,675,2085,0
2021-04-02,40-49,447,1294,0
2021-04-02,50-59,316,642,0
2021-04-02,80-89,28,84,0
2021-04-02,60-69,133,325,0
2021-04-02,90+,<15,16,0
2021-04-03,0-19,209,388,0
2021-04-03,80-89,<15,17,0
2021-04-03,70-79,32,62,0
2021-04-03,90+,<15,<15,0
2021-04-03,30-39,254,600,0
2021-04-03,20-29,477,1080,0
2021-04-03,60-69,64,107,0
2021-04-03,40-49,187,438,0
2021-04-03,50-59,135,222,0
2021-04-04,80-89,162,310,0
2021-04-04,20-29,2852,7121,0
2021-04-04,0-19,1276,2995,0
2021-04-04,50-59,870,1851,0
2021-04-04,70-79,315,503,0
2021-04-04,60-69,564,1023,0
2021-04-04,40-49,1372,3473,0
2021-04-04,90+,57,69,0
2021-04-04,30-39,2101,5433,0
2021-04-05,20-29,2942,6812,0
2021-04-05,0-19,1502,3121,0
2021-04-05,90+,70,77,0
2021-04-05,70-79,365,469,0
2021-04-05,60-69,586,902,0
2021-04-05,40-49,1418,2956,0
2021-04-05,30-39,2188,4826,0
2021-04-05,80-89,224,248,0
2021-04-05,50-59,934,1756,0
2021-04-06,90+,66,71,0
2021-04-06,30-39,1936,3931,0
2021-04-06,70-79,376,410,0
2021-04-06,0-19,1182,2216,0
2021-04-06,50-59,854,1404,0
2021-04-06,80-89,188,195,0
2021-04-06,20-29,2424,5150,0
2021-04-06,40-49,1273,2482,0
2021-04-06,60-69,568,804,0
2021-04-07,20-29,2508,4676,0
2021-04-07,80-89,177,216,0
2021-04-07,90+,82,56,0
2021-04-07,40-49,1208,2317,0
2021-04-07,70-79,311,356,0
2021-04-07,30-39,1818,3463,0
2021-04-07,60-69,589,671,0
2021-04-07,50-59,849,1295,0
2021-04-07,0-19,1219,2131,0
2021-04-08,70-79,310,380,0
2021-04-08,30-39,2014,4214,0
2021-04-08,40-49,1395,2564,0
2021-04-08,60-69,582,805,0
2021-04-08,80-89,185,208,0
2021-04-08,90+,83,47,0
2021-04-08,0-19,1240,2107,0
2021-04-08,20-29,2585,5115,0
2021-04-08,50-59,851,1443,0
2021-04-09,90+,<15,<15,0
2021-04-09,30-39,902,1642,0
2021-04-09,70-79,76,107,0
2021-04-09,40-49,509,950,0
2021-04-09,60-69,174,237,0
2021-04-09,50-59,338,502,0
2021-04-09,20-29,945,1851,0
2021-04-09,80-89,40,67,0
2021-04-09,0-19,460,766,0
2021-04-10,60-69,75,113,0
2021-04-10,50-59,142,299,0
2021-04-10,70-79,43,64,0
2021-04-10,40-49,212,522,0
2021-04-10,30-39,343,745,0
2021-04-10,90+,<15,<15,0
2021-04-10,20-29,520,1202,0
2021-04-10,0-19,196,492,0
2021-04-10,80-89,<15,28,0
2021-04-11,70-79,344,340,0
2021-04-11,30-39,1982,3275,0
2021-04-11,60-69,567,672,0
2021-04-11,90+,60,64,0
2021-04-11,40-49,1207,1990,0
2021-04-11,50-59,773,1176,0
2021-04-11,20-29,2562,4450,0
2021-04-11,0-19,1293,2030,0
2021-04-11,80-89,160,176,0
2021-04-12,50-59,855,1047,0
2021-04-12,70-79,331,357,0
2021-04-12,40-49,1157,1811,0
2021-04-12,30-39,1747,3035,0
2021-04-12,60-69,566,629,0
2021-04-12,90+,78,63,0
2021-04-12,0-19,1356,1767,0
2021-04-12,20-29,2483,4250,0
2021-04-12,80-89,210,163,0
2021-04-13,60-69,346,246,0
2021-04-13,50-59,546,412,0
2021-04-13,0-19,671,581,0
2021-04-13,20-29,1538,1444,0
2021-04-13,80-89,160,77,0
2021-04-13,30-39,1270,1241,0
2021-04-13,90+,86,30,0
2021-04-13,40-49,825,693,0
2021-04-13,70-79,238,134,0
2021-04-14,20-29,897,1477,0
2021-04-14,0-19,393,591,0
2021-04-14,50-59,387,496,0
2021-04-14,70-79,144,161,0
2021-04-14,30-39,817,1217,0
2021-04-14,80-89,74,113,0
2021-04-14,60-69,229,291,0
2021-04-14,40-49,536,801,0
2021-04-14,90+,17,34,0
2021-04-15,0-19,60,72,0
2021-04-15,20-29,145,130,0
2021-04-15,50-59,77,53,0
2021-04-15,90+,<15,<15,0
2021-04-15,80-89,<15,<15,0
2021-04-15,70-79,28,26,0
2021-04-15,30-39,93,97,0
2021-04-15,40-49,68,79,0
2021-04-15,60-69,46,36,0
2021-04-16,80-89,45,82,0
2021-04-16,20-29,976,2038,0
2021-04-16,0-19,447,791,0
2021-04-16,60-69,187,299,0
2021-04-16,90+,<15,24,0
2021-04-16,30-39,743,1661,0
2021-04-16,70-79,75,133,0
2021-04-16,40-49,473,1019,0
2021-04-16,50-59,299,494,0
2021-04-17,0-19,83,268,0
2021-04-17,90+,0,<15,0
2021-04-17,40-49,106,274,0
2021-04-17,20-29,268,688,0
2021-04-17,80-89,<15,<15,0
2021-04-17,60-69,33,76,0
2021-04-17,70-79,19,25,0
2021-04-17,30-39,178,447,0
2021-04-17,50-59,69,146,0
2021-04-18,80-89,93,91,0
2021-04-18,90+,30,27,0
2021-04-18,0-19,1099,985,0
2021-04-18,20-29,2069,2416,0
2021-04-18,50-59,636,570,0
2021-04-18,30-39,1422,1717,0
2021-04-18,40-49,965,997,0
2021-04-18,60-69,457,376,0
2021-04-18,70-79,230,210,0
2021-04-19,20-29,1870,2215,0
2021-04-19,70-79,205,212,0
2021-04-19,30-39,1285,1589,0
2021-04-19,0-19,958,901,0
2021-04-19,80-89,95,142,0
2021-04-19,90+,32,55,0
2021-04-19,50-59,576,602,0
2021-04-19,40-49,855,920,0
2021-04-19,60-69,393,393,0
2021-04-20,80-89,97,147,0
2021-04-20,20-29,1714,1955,0
2021-04-20,0-19,834,831,0
2021-04-20,50-59,594,569,0
2021-04-20,30-39,1368,1614,0
2021-04-20,40-49,905,959,0
2021-04-20,90+,38,61,0
2021-04-20,70-79,208,211,0
2021-04-20,60-69,362,423,0
2021-04-21,20-29,1721,2099,0
2021-04-21,0-19,826,889,0
2021-04-21,60-69,393,376,0
2021-04-21,80-89,121,163,0
2021-04-21,90+,48,54,0
2021-04-21,30-39,1346,1550,0
2021-04-21,70-79,211,220,0
2021-04-21,40-49,870,1017,0
2021-04-21,50-59,664,619,0
2021-04-22,90+,<15,61,0
2021-04-22,70-79,210,255,0
2021-04-22,30-39,1246,1705,0
2021-04-22,20-29,1618,2209,0
2021-04-22,0-19,768,961,0
2021-04-22,80-89,85,165,0
2021-04-22,40-49,890,1083,0
2021-04-22,60-69,397,416,0
2021-04-22,50-59,571,707,0
2021-04-23,80-89,27,35,0
2021-04-23,20-29,698,977,0
2021-04-23,50-59,270,326,0
2021-04-23,60-69,121,142,0
2021-04-23,90+,<15,<15,0
2021-04-23,70-79,52,55,0
2021-04-23,30-39,642,802,0
2021-04-23,40-49,403,487,0
2021-04-23,0-19,409,462,0
2021-04-24,70-79,<15,16,0
2021-04-24,60-69,25,32,0
2021-04-24,40-49,109,180,0
2021-04-24,30-39,136,256,0
2021-04-24,90+,0,<15,0
2021-04-24,80-89,<15,<15,0
2021-04-24,20-29,248,473,0
2021-04-24,0-19,110,183,0
2021-04-24,50-59,56,94,0
2021-04-25,90+,17,36,0
2021-04-25,30-39,1049,1588,0
2021-04-25,40-49,686,947,0
2021-04-25,70-79,167,205,0
2021-04-25,60-69,305,383,0
2021-04-25,50-59,435,550,0
2021-04-25,0-19,616,897,0
2021-04-25,80-89,76,110,0
2021-04-25,20-29,1395,2148,0
2021-04-26,60-69,259,361,0
2021-04-26,50-59,435,655,0
2021-04-26,20-29,1621,2426,0
2021-04-26,90+,29,49,0
2021-04-26,70-79,164,255,0
2021-04-26,40-49,730,1073,0
2021-04-26,30-39,1186,1638,0
2021-04-26,80-89,78,154,0
2021-04-26,0-19,863,1171,0
2021-04-27,30-39,975,1469,0
2021-04-27,70-79,162,239,0
2021-04-27,40-49,631,935,0
2021-04-27,60-69,267,397,0
2021-04-27,20-29,1128,1788,0
2021-04-27,50-59,454,591,0
2021-04-27,80-89,97,160,0
2021-04-27,90+,28,59,0
2021-04-27,0-19,646,862,0
2021-04-28,30-39,944,1533,0
2021-04-28,40-49,622,926,0
2021-04-28,60-69,248,405,0
2021-04-28,70-79,140,222,0
2021-04-28,50-59,387,619,0
2021-04-28,90+,21,79,0
2021-04-28,80-89,57,156,0
2021-04-28,20-29,1282,2185,0
2021-04-28,0-19,650,1062,0
2021-04-29,60-69,284,395,0
2021-04-29,50-59,417,631,0
2021-04-29,0-19,570,943,0
2021-04-29,80-89,79,154,0
2021-04-29,90+,16,69,0
2021-04-29,70-79,143,246,0
2021-04-29,40-49,696,1013,0
2021-04-29,20-29,1073,2078,0
2021-04-29,30-39,959,1642,0
2021-04-30,50-59,187,263,0
2021-04-30,20-29,433,872,0
2021-04-30,0-19,250,409,0
2021-04-30,70-79,28,78,0
2021-04-30,30-39,442,822,0
2021-04-30,60-69,104,126,0
2021-04-30,40-49,327,437,0
2021-04-30,90+,<15,<15,0
2021-04-30,80-89,21,65,0
2021-05-01,50-59,25,45,0
2021-05-01,0-19,48,118,0
2021-05-01,80-89,<15,<15,0
2021-05-01,20-29,151,316,0
2021-05-01,70-79,<15,16,0
2021-05-01,60-69,<15,34,0
2021-05-01,30-39,90,204,0
2021-05-01,40-49,61,116,0
2021-05-01,90+,0,<15,0
2021-05-02,0-19,515,947,0
2021-05-02,80-89,48,95,0
2021-05-02,20-29,903,1848,0
2021-05-02,50-59,295,414,0
2021-05-02,60-69,167,326,0
2021-05-02,90+,<15,32,0
2021-05-02,40-49,419,784,0
2021-05-02,30-39,707,1394,0
2021-05-02,70-79,107,174,0
2021-05-03,0-19,535,804,0
2021-05-03,20-29,935,1599,0
2021-05-03,90+,15,49,0
2021-05-03,80-89,52,113,0
2021-05-03,60-69,209,336,0
2021-05-03,40-49,502,790,0
2021-05-03,70-79,96,200,0
2021-05-03,50-59,308,449,0
2021-05-03,30-39,783,1357,0
2021-05-04,90+,18,55,0
2021-05-04,80-89,65,130,0
2021-05-04,0-19,454,623,0
2021-05-04,20-29,991,1266,0
2021-05-04,50-59,330,383,0
2021-05-04,30-39,764,1047,0
2021-05-04,40-49,482,682,0
2021-05-04,70-79,132,173,0
2021-05-04,60-69,209,239,0
2021-05-05,80-89,59,110,0
2021-05-05,20-29,800,1105,0
2021-05-05,0-19,505,561,0
2021-05-05,60-69,167,187,0
2021-05-05,50-59,267,359,0
2021-05-05,30-39,762,920,0
2021-05-05,90+,15,36,0
2021-05-05,70-79,83,147,0
2021-05-05,40-49,489,529,0
2021-05-06,60-69,179,159,0
2021-05-06,30-39,822,630,0
2021-05-06,80-89,44,53,0
2021-05-06,20-29,905,930,0
2021-05-06,70-79,100,80,0
2021-05-06,90+,<15,<15,0
2021-05-06,40-49,490,387,0
2021-05-06,0-19,556,499,0
2021-05-06,50-59,371,245,0
2021-05-07,80-89,<15,40,0
2021-05-07,90+,<15,<15,0
2021-05-07,70-79,41,44,0
2021-05-07,30-39,438,543,0
2021-05-07,40-49,283,359,0
2021-05-07,60-69,109,120,0
2021-05-07,20-29,424,708,0
2021-05-07,0-19,214,320,0
2021-05-07,50-59,178,210,0
2021-05-08,90+,0,<15,0
2021-05-08,50-59,15,33,0
2021-05-08,60-69,<15,18,0
2021-05-08,40-49,24,54,0
2021-05-08,0-19,26,52,0
2021-05-08,80-89,<15,0,0
2021-05-08,20-29,67,181,0
2021-05-08,30-39,44,98,0
2021-05-08,70-79,<15,<15,0
2021-05-09,50-59,277,363,0
2021-05-09,20-29,746,1409,0
2021-05-09,80-89,38,86,0
2021-05-09,0-19,437,706,0
2021-05-09,60-69,135,290,0
2021-05-09,30-39,627,1042,0
2021-05-09,70-79,96,154,0
2021-05-09,90+,<15,46,0
2021-05-09,40-49,406,574,0
2021-05-10,20-29,709,1308,0
2021-05-10,0-19,405,708,0
2021-05-10,40-49,439,607,0
2021-05-10,30-39,642,1020,0
2021-05-10,50-59,287,372,0
2021-05-10,90+,18,51,0
2021-05-10,70-79,99,159,0
2021-05-10,60-69,150,259,0
2021-05-10,80-89,39,102,0
2021-05-11,50-59,222,337,0
2021-05-11,20-29,694,1093,0
2021-05-11,80-89,51,68,0
2021-05-11,0-19,397,497,0
2021-05-11,90+,<15,17,0
2021-05-11,30-39,557,861,0
2021-05-11,70-79,70,127,0
2021-05-11,60-69,123,182,0
2021-05-11,40-49,333,538,0
2021-05-12,60-69,127,185,0
2021-05-12,20-29,472,833,0
2021-05-12,80-89,27,72,0
2021-05-12,0-19,208,515,0
2021-05-12,50-59,174,265,0
2021-05-12,40-49,290,459,0
2021-05-12,90+,21,29,0
2021-05-12,30-39,486,720,0
2021-05-12,70-79,55,98,0
2021-05-13,20-29,530,928,0
2021-05-13,0-19,324,664,0
2021-05-13,70-79,52,129,0
2021-05-13,40-49,266,496,0
2021-05-13,30-39,393,760,0
2021-05-13,60-69,115,196,0
2021-05-13,80-89,24,74,0
2021-05-13,90+,<15,<15,0
2021-05-13,50-59,153,283,0
2021-05-14,90+,<15,<15,0
2021-05-14,30-39,177,342,0
2021-05-14,50-59,89,125,0
2021-05-14,80-89,<15,21,0
2021-05-14,0-19,155,238,0
2021-05-14,20-29,208,344,0
2021-05-14,60-69,39,63,0
2021-05-14,70-79,28,38,0
2021-05-14,40-49,106,201,0
2021-05-15,80-89,<15,<15,0
2021-05-15,30-39,30,33,0
2021-05-15,20-29,56,56,0
2021-05-15,70-79,<15,<15,0
2021-05-15,40-49,25,25,0
2021-05-15,90+,0,<15,0
2021-05-15,60-69,<15,22,0
2021-05-15,50-59,18,45,0
2021-05-15,0-19,<15,<15,0
2021-05-16,70-79,15,28,0
2021-05-16,60-69,25,56,0
2021-05-16,30-39,88,269,0
2021-05-16,90+,0,<15,0
2021-05-16,40-49,61,153,0
2021-05-16,0-19,68,175,0
2021-05-16,80-89,<15,17,0
2021-05-16,20-29,138,366,0
2021-05-16,50-59,43,94,0
2021-05-17,50-59,25,113,0
2021-05-17,60-69,<15,72,0
2021-05-17,70-79,<15,25,0
2021-05-17,40-49,37,107,0
2021-05-17,30-39,40,138,0
2021-05-17,0-19,24,78,0
2021-05-17,20-29,61,236,0
2021-05-17,80-89,0,<15,0
2021-05-18,50-59,193,457,0
2021-05-18,60-69,114,324,0
2021-05-18,70-79,65,217,0
2021-05-18,20-29,449,1235,0
2021-05-18,40-49,261,679,0
2021-05-18,30-39,401,1161,0
2021-05-18,90+,<15,40,0
2021-05-18,80-89,30,95,0
2021-05-18,0-19,312,644,0
2021-05-19,50-59,171,455,0
2021-05-19,70-79,66,142,0
2021-05-19,30-39,432,1074,0
2021-05-19,60-69,130,332,0
2021-05-19,90+,26,30,0
2021-05-19,40-49,272,654,0
2021-05-19,0-19,311,690,0
2021-05-19,20-29,617,1452,0
2021-05-19,80-89,43,91,0
2021-05-20,50-59,193,351,0
2021-05-20,80-89,21,81,0
2021-05-20,90+,<15,27,0
2021-05-20,70-79,69,135,0
2021-05-20,30-39,471,861,0
2021-05-20,60-69,127,219,0
2021-05-20,40-49,290,521,0
2021-05-20,0-19,375,556,0
2021-05-20,20-29,600,1013,0
2021-05-21,50-59,98,103,0
2021-05-21,60-69,52,74,0
2021-05-21,20-29,299,333,0
2021-05-21,80-89,<15,22,0
2021-05-21,0-19,167,226,0
2021-05-21,70-79,18,34,0
2021-05-21,40-49,141,176,0
2021-05-21,30-39,259,326,0
2021-05-21,90+,0,<15,0
2021-05-22,0-19,21,35,0
2021-05-22,20-29,53,111,0
2021-05-22,70-79,<15,<15,0
2021-05-22,50-59,21,29,0
2021-05-22,30-39,32,91,0
2021-05-22,40-49,18,60,0
2021-05-22,60-69,<15,<15,0
2021-05-22,90+,0,<15,0
2021-05-22,80-89,<15,<15,0
2021-05-23,0-19,368,511,0
2021-05-23,20-29,615,887,0
2021-05-23,50-59,236,264,0
2021-05-23,80-89,24,46,0
2021-05-23,90+,<15,<15,0
2021-05-23,70-79,52,102,0
2021-05-23,60-69,107,151,0
2021-05-23,40-49,286,425,0
2021-05-23,30-39,519,761,0
2021-05-24,80-89,27,63,0
2021-05-24,20-29,518,888,0
2021-05-24,0-19,340,503,0
2021-05-24,60-69,114,176,0
2021-05-24,40-49,254,513,0
2021-05-24,50-59,226,306,0
2021-05-24,30-39,454,928,0
2021-05-24,90+,<15,16,0
2021-05-24,70-79,54,112,0
2021-05-25,0-19,235,360,0
2021-05-25,80-89,30,68,0
2021-05-25,20-29,408,617,0
2021-05-25,70-79,61,97,0
2021-05-25,60-69,137,178,0
2021-05-25,90+,<15,24,0
2021-05-25,30-39,383,550,0
2021-05-25,40-49,268,355,0
2021-05-25,50-59,153,240,0
2021-05-26,90+,<15,<15,0
2021-05-26,80-89,24,52,0
2021-05-26,0-19,217,357,0
2021-05-26,20-29,344,614,0
2021-05-26,30-39,256,601,0
2021-05-26,60-69,74,135,0
2021-05-26,50-59,109,194,0
2021-05-26,70-79,53,88,0
2021-05-26,40-49,178,332,0
2021-05-27,30-39,385,623,0
2021-05-27,70-79,50,89,0
2021-05-27,80-89,21,66,0
2021-05-27,20-29,487,913,0
2021-05-27,0-19,271,577,0
2021-05-27,50-59,161,227,0
2021-05-27,90+,<15,23,0
2021-05-27,60-69,75,160,0
2021-05-27,40-49,233,362,0
2021-05-28,80-89,<15,<15,0
2021-05-28,20-29,171,262,0
2021-05-28,0-19,104,154,0
2021-05-28,50-59,79,161,0
2021-05-28,60-69,34,87,0
2021-05-28,70-79,<15,38,0
2021-05-28,90+,<15,<15,0
2021-05-28,40-49,101,225,0
2021-05-28,30-39,145,344,0
2021-05-29,0-19,17,28,0
2021-05-29,20-29,28,68,0
2021-05-29,80-89,<15,<15,0
2021-05-29,90+,0,<15,0
2021-05-29,60-69,<15,<15,0
2021-05-29,30-39,23,35,0
2021-05-29,40-49,25,21,0
2021-05-29,70-79,0,<15,0
2021-05-29,50-59,<15,<15,0
2021-05-30,90+,<15,<15,0
2021-05-30,30-39,359,442,0
2021-05-30,20-29,404,476,0
2021-05-30,70-79,58,78,0
2021-05-30,80-89,24,36,0
2021-05-30,50-59,158,158,0
2021-05-30,0-19,228,284,0
2021-05-30,40-49,231,274,0
2021-05-30,60-69,94,104,0
2021-05-31,80-89,<15,18,0
2021-05-31,20-29,490,523,0
2021-05-31,50-59,120,188,0
2021-05-31,30-39,443,497,0
2021-05-31,90+,<15,<15,0
2021-05-31,60-69,89,120,0
2021-05-31,70-79,42,60,0
2021-05-31,40-49,208,274,0
2021-05-31,0-19,183,310,0
2021-06-01,70-79,37,53,0
2021-06-01,30-39,229,404,0
2021-06-01,40-49,178,228,0
2021-06-01,90+,<15,<15,0
2021-06-01,60-69,57,99,0
2021-06-01,80-89,26,38,0
2021-06-01,20-29,352,460,0
2021-06-01,0-19,196,297,0
2021-06-01,50-59,135,143,0
2021-06-02,90+,<15,<15,0
2021-06-02,30-39,269,338,0
2021-06-02,40-49,188,199,0
2021-06-02,70-79,42,48,0
2021-06-02,60-69,70,81,0
2021-06-02,50-59,114,127,0
2021-06-02,20-29,445,420,0
2021-06-02,0-19,204,241,0
2021-06-02,80-89,16,27,0
2021-06-03,60-69,65,91,0
2021-06-03,50-59,111,121,0
2021-06-03,0-19,494,227,0
2021-06-03,80-89,<15,30,0
2021-06-03,20-29,394,345,0
2021-06-03,40-49,171,175,0
2021-06-03,30-39,249,300,0
2021-06-03,70-79,38,39,0
2021-06-03,90+,<15,<15,0
2021-06-04,20-29,103,128,0
2021-06-04,50-59,64,68,0
2021-06-04,0-19,520,105,0
2021-06-04,80-89,<15,<15,0
2021-06-04,90+,0,<15,0
2021-06-04,40-49,105,95,0
2021-06-04,70-79,<15,20,0
2021-06-04,60-69,18,33,0
2021-06-04,30-39,126,153,0
2021-06-05,20-29,35,27,0
2021-06-05,0-19,26,<15,0
2021-06-05,50-59,<15,<15,0
2021-06-05,30-39,32,19,0
2021-06-05,40-49,<15,<15,0
2021-06-05,60-69,<15,<15,0
2021-06-05,70-79,0,<15,0
2021-06-06,20-29,306,232,0
2021-06-06,70-79,42,31,0
2021-06-06,90+,<15,<15,0
2021-06-06,40-49,133,97,0
2021-06-06,30-39,257,190,0
2021-06-06,80-89,<15,<15,0
2021-06-06,0-19,3273,208,0
2021-06-06,50-59,122,76,0
2021-06-06,60-69,63,48,0
2021-06-07,80-89,28,24,0
2021-06-07,30-39,331,157,0
2021-06-07,70-79,40,29,0
2021-06-07,90+,<15,<15,0
2021-06-07,40-49,189,102,0
2021-06-07,60-69,69,38,0
2021-06-07,0-19,3036,89,0
2021-06-07,20-29,453,188,0
2021-06-07,50-59,110,68,0
2021-06-08,90+,<15,<15,0
2021-06-08,80-89,<15,16,0
2021-06-08,70-79,22,33,0
2021-06-08,40-49,134,150,0
2021-06-08,30-39,263,241,0
2021-06-08,60-69,66,71,0
2021-06-08,0-19,2755,170,0
2021-06-08,20-29,255,264,0
2021-06-08,50-59,100,108,0
2021-06-09,70-79,46,51,0
2021-06-09,40-49,160,135,0
2021-06-09,90+,<15,<15,0
2021-06-09,30-39,242,252,0
2021-06-09,50-59,99,92,0
2021-06-09,60-69,63,75,0
2021-06-09,20-29,318,336,0
2021-06-09,0-19,2526,213,0
2021-06-09,80-89,16,29,0
2021-06-10,50-59,101,97,0
2021-06-10,30-39,249,261,0
2021-06-10,80-89,15,18,0
2021-06-10,40-49,163,149,0
2021-06-10,60-69,63,62,0
2021-06-10,70-79,26,40,0
2021-06-10,90+,<15,<15,0
2021-06-10,20-29,344,310,0
2021-06-10,0-19,2245,221,0
2021-06-11,70-79,<15,<15,0
2021-06-11,60-69,<15,17,0
2021-06-11,30-39,91,106,0
2021-06-11,40-49,71,67,0
2021-06-11,20-29,100,117,0
2021-06-11,0-19,943,80,0
2021-06-11,50-59,40,36,0
2021-06-11,80-89,<15,<15,0
2021-06-11,90+,<15,<15,0
2021-06-12,40-49,15,<15,0
2021-06-12,60-69,<15,<15,0
2021-06-12,30-39,30,22,0
2021-06-12,70-79,<15,<15,0
2021-06-12,50-59,<15,<15,0
2021-06-12,20-29,36,35,0
2021-06-12,0-19,58,18,0
2021-06-13,50-59,103,114,0
2021-06-13,0-19,2125,225,0
2021-06-13,90+,<15,<15,0
2021-06-13,60-69,64,55,0
2021-06-13,80-89,<15,<15,0
2021-06-13,20-29,295,314,0
2021-06-13,70-79,34,36,0
2021-06-13,30-39,254,278,0
2021-06-13,40-49,169,151,0
2021-06-14,0-19,1886,279,0
2021-06-14,50-59,105,129,0
2021-06-14,20-29,335,363,0
2021-06-14,70-79,29,28,0
2021-06-14,60-69,73,95,0
2021-06-14,40-49,196,194,0
2021-06-14,30-39,280,297,0
2021-06-14,80-89,<15,18,0
2021-06-14,90+,<15,<15,0
2021-06-15,70-79,29,49,0
2021-06-15,30-39,272,318,0
2021-06-15,0-19,1950,199,0
2021-06-15,80-89,15,23,0
2021-06-15,20-29,345,312,0
2021-06-15,90+,<15,<15,0
2021-06-15,40-49,183,154,0
2021-06-15,50-59,126,97,0
2021-06-15,60-69,79,75,0
2021-06-16,20-29,281,182,0
2021-06-16,80-89,<15,30,0
2021-06-16,0-19,1688,153,0
2021-06-16,50-59,121,64,0
2021-06-16,70-79,29,48,0
2021-06-16,90+,<15,15,0
2021-06-16,40-49,171,133,0
2021-06-16,60-69,55,58,0
2021-06-16,30-39,240,187,0
2021-06-17,20-29,364,264,0
2021-06-17,0-19,1533,195,0
2021-06-17,80-89,16,<15,0
2021-06-17,90+,<15,<15,0
2021-06-17,60-69,67,50,0
2021-06-17,70-79,26,38,0
2021-06-17,30-39,285,261,0
2021-06-17,40-49,203,142,0
2021-06-17,50-59,96,96,0
2021-06-18,70-79,<15,<15,0
2021-06-18,90+,<15,0,0
2021-06-18,20-29,121,82,0
2021-06-18,30-39,131,109,0
2021-06-18,0-19,719,61,0
2021-06-18,80-89,<15,<15,0
2021-06-18,50-59,41,38,0
2021-06-18,60-69,24,22,0
2021-06-18,40-49,81,61,0
2021-06-19,20-29,42,24,0
2021-06-19,80-89,<15,0,0
2021-06-19,30-39,19,15,0
2021-06-19,70-79,<15,<15,0
2021-06-19,40-49,<15,21,0
2021-06-19,50-59,<15,<15,0
2021-06-19,60-69,<15,<15,0
2021-06-19,0-19,62,<15,0
2021-06-20,30-39,299,302,0
2021-06-20,70-79,34,42,0
2021-06-20,90+,<15,<15,0
2021-06-20,80-89,16,18,0
2021-06-20,60-69,61,78,0
2021-06-20,40-49,197,200,0
2021-06-20,20-29,359,273,0
2021-06-20,0-19,2149,189,0
2021-06-20,50-59,134,137,0
2021-06-21,90+,<15,<15,0
2021-06-21,60-69,75,61,0
2021-06-21,70-79,34,53,0
2021-06-21,30-39,449,246,0
2021-06-21,40-49,233,131,0
2021-06-21,20-29,613,266,0
2021-06-21,50-59,153,71,0
2021-06-21,0-19,3519,251,0
2021-06-21,80-89,<15,<15,0
2021-06-22,50-59,167,99,0
2021-06-22,60-69,98,48,0
2021-06-22,90+,<15,<15,0
2021-06-22,30-39,376,226,0
2021-06-22,70-79,47,31,0
2021-06-22,40-49,240,160,0
2021-06-22,20-29,482,231,0
2021-06-22,80-89,26,15,0
2021-06-22,0-19,5340,148,0
2021-06-23,50-59,203,110,0
2021-06-23,20-29,561,329,0
2021-06-23,80-89,36,21,0
2021-06-23,0-19,8797,195,0
2021-06-23,70-79,50,41,0
2021-06-23,30-39,478,232,0
2021-06-23,40-49,325,157,0
2021-06-23,90+,<15,<15,0
2021-06-23,60-69,125,68,0
2021-06-24,20-29,624,302,0
2021-06-24,0-19,9889,411,0
2021-06-24,80-89,35,16,0
2021-06-24,30-39,500,235,0
2021-06-24,40-49,359,156,0
2021-06-24,70-79,79,44,0
2021-06-24,60-69,122,69,0
2021-06-24,50-59,270,101,0
2021-06-24,90+,<15,<15,0
2021-06-25,80-89,<15,<15,0
2021-06-25,0-19,5986,444,0
2021-06-25,70-79,18,<15,0
2021-06-25,40-49,227,88,0
2021-06-25,30-39,284,109,0
2021-06-25,20-29,249,76,0
2021-06-25,50-59,138,45,0
2021-06-25,60-69,50,24,0
2021-06-26,80-89,<15,<15,0
2021-06-26,20-29,80,29,0
2021-06-26,0-19,1950,31,0
2021-06-26,30-39,55,32,0
2021-06-26,50-59,34,<15,0
2021-06-26,70-79,<15,0,0
2021-06-26,60-69,<15,<15,0
2021-06-26,40-49,62,16,0
2021-06-27,20-29,810,292,0
2021-06-27,0-19,11005,2344,0
2021-06-27,60-69,164,66,0
2021-06-27,40-49,432,177,0
2021-06-27,30-39,734,268,0
2021-06-27,70-79,65,52,0
2021-06-27,90+,<15,<15,0
2021-06-27,80-89,36,18,0
2021-06-27,50-59,287,140,0
2021-06-28,90+,<15,<15,0
2021-06-28,40-49,488,165,0
2021-06-28,70-79,70,46,0
2021-06-28,30-39,634,250,0
2021-06-28,20-29,885,316,0
2021-06-28,80-89,39,24,0
2021-06-28,0-19,11748,2561,0
2021-06-28,50-59,328,106,0
2021-06-28,60-69,176,73,0
2021-06-29,20-29,961,239,0
2021-06-29,90+,<15,<15,0
2021-06-29,70-79,101,53,0
2021-06-29,40-49,548,183,0
2021-06-29,80-89,50,24,0
2021-06-29,60-69,201,84,0
2021-06-29,50-59,378,126,0
2021-06-29,30-39,764,283,0
2021-06-29,0-19,13547,2591,0
2021-06-30,70-79,107,43,0
2021-06-30,30-39,794,231,0
2021-06-30,60-69,207,79,0
2021-06-30,40-49,568,165,0
2021-06-30,90+,<15,<15,0
2021-06-30,80-89,62,27,0
2021-06-30,0-19,13323,2293,0
2021-06-30,20-29,890,255,0
2021-06-30,50-59,351,139,0
2021-07-01,70-79,92,46,0
2021-07-01,90+,16,<15,0
2021-07-01,30-39,806,242,0
2021-07-01,50-59,398,127,0
2021-07-01,40-49,610,166,0
2021-07-01,60-69,221,106,0
2021-07-01,20-29,973,303,0
2021-07-01,80-89,49,20,0
2021-07-01,0-19,13517,2225,0
2021-07-02,50-59,210,69,0
2021-07-02,30-39,482,104,0
2021-07-02,40-49,332,81,0
2021-07-02,90+,<15,<15,0
2021-07-02,80-89,17,<15,0
2021-07-02,20-29,504,109,0
2021-07-02,60-69,92,32,0
2021-07-02,70-79,41,19,0
2021-07-02,0-19,8020,1023,0
2021-07-03,70-79,18,<15,0
2021-07-03,40-49,119,29,0
2021-07-03,60-69,30,<15,0
2021-07-03,30-39,140,31,0
2021-07-03,20-29,180,54,0
2021-07-03,0-19,2055,106,0
2021-07-03,50-59,61,<15,0
2021-07-03,80-89,<15,0,0
2021-07-04,90+,<15,<15,0
2021-07-04,40-49,636,186,0
2021-07-04,50-59,426,119,0
2021-07-04,60-69,236,100,0
2021-07-04,70-79,126,57,0
2021-07-04,30-39,821,243,0
2021-07-04,80-89,62,23,0
2021-07-04,0-19,14337,2114,0
2021-07-04,20-29,1012,250,0
2021-07-05,50-59,468,134,0
2021-07-05,20-29,1189,282,0
2021-07-05,80-89,46,15,0
2021-07-05,0-19,14046,1882,0
2021-07-05,90+,<15,<15,0
2021-07-05,40-49,706,205,0
2021-07-05,30-39,904,243,0
2021-07-05,70-79,133,45,0
2021-07-05,60-69,238,96,0
2021-07-06,20-29,1331,366,0
2021-07-06,0-19,13876,2063,0
2021-07-06,30-39,929,322,0
2021-07-06,70-79,143,50,0
2021-07-06,40-49,680,228,0
2021-07-06,50-59,418,129,0
2021-07-06,60-69,292,85,0
2021-07-06,90+,16,<15,0
2021-07-06,80-89,58,19,0
2021-07-07,0-19,11988,1612,0
2021-07-07,80-89,66,25,0
2021-07-07,50-59,377,112,0
2021-07-07,90+,24,<15,0
2021-07-07,30-39,846,254,0
2021-07-07,70-79,112,45,0
2021-07-07,20-29,1036,242,0
2021-07-07,60-69,233,95,0
2021-07-07,40-49,701,156,0
2021-07-08,20-29,1238,283,0
2021-07-08,80-89,82,21,0
2021-07-08,60-69,249,81,0
2021-07-08,0-19,12658,1678,0
2021-07-08,70-79,143,41,0
2021-07-08,30-39,960,267,0
2021-07-08,40-49,690,206,0
2021-07-08,90+,29,<15,0
2021-07-08,50-59,412,130,0
2021-07-09,80-89,42,21,0
2021-07-09,20-29,736,109,0
2021-07-09,0-19,8648,855,0
2021-07-09,30-39,619,131,0
2021-07-09,70-79,63,18,0
2021-07-09,60-69,126,52,0
2021-07-09,40-49,496,104,0
2021-07-09,90+,<15,<15,0
2021-07-09,50-59,298,56,0
2021-07-10,50-59,139,24,0
2021-07-10,0-19,3792,117,0
2021-07-10,80-89,<15,0,0
2021-07-10,20-29,362,65,0
2021-07-10,70-79,25,<15,0
2021-07-10,40-49,238,48,0
2021-07-10,60-69,69,<15,0
2021-07-10,30-39,275,45,0
2021-07-11,70-79,19,25,0
2021-07-11,30-39,238,229,0
2021-07-11,90+,0,<15,0
2021-07-11,40-49,174,152,0
2021-07-11,20-29,303,241,0
2021-07-11,80-89,<15,21,0
2021-07-11,0-19,506,1973,0
2021-07-11,50-59,102,70,0
2021-07-11,60-69,50,67,0
2021-07-12,80-89,<15,<15,0
2021-07-12,0-19,1163,2692,0
2021-07-12,20-29,451,298,0
2021-07-12,50-59,129,95,0
2021-07-12,70-79,25,27,0
2021-07-12,30-39,264,223,0
2021-07-12,90+,<15,<15,0
2021-07-12,40-49,214,135,0
2021-07-12,60-69,70,57,0
2021-07-13,20-29,538,383,0
2021-07-13,0-19,1506,4316,0
2021-07-13,80-89,19,16,0
2021-07-13,90+,<15,<15,0
2021-07-13,70-79,31,32,0
2021-07-13,30-39,345,237,0
2021-07-13,60-69,66,53,0
2021-07-13,40-49,209,159,0
2021-07-13,50-59,138,108,0
2021-07-14,70-79,36,39,0
2021-07-14,90+,<15,<15,0
2021-07-14,40-49,196,143,0
2021-07-14,30-39,260,261,0
2021-07-14,20-29,453,254,0
2021-07-14,80-89,24,24,0
2021-07-14,0-19,1463,6507,0
2021-07-14,60-69,78,65,0
2021-07-14,50-59,116,89,0
2021-07-15,80-89,<15,23,0
2021-07-15,50-59,137,106,0
2021-07-15,70-79,32,60,0
2021-07-15,60-69,77,61,0
2021-07-15,30-39,288,248,0
2021-07-15,40-49,204,187,0
2021-07-15,90+,<15,<15,0
2021-07-15,20-29,453,312,0
2021-07-15,0-19,1663,8124,0
2021-07-16,30-39,120,120,0
2021-07-16,70-79,<15,16,0
2021-07-16,60-69,24,26,0
2021-07-16,40-49,87,121,0
2021-07-16,90+,<15,<15,0
2021-07-16,80-89,<15,<15,0
2021-07-16,0-19,682,5297,0
2021-07-16,20-29,182,108,0
2021-07-16,50-59,52,62,0
2021-07-17,30-39,19,28,0
2021-07-17,70-79,<15,<15,0
2021-07-17,40-49,17,21,0
2021-07-17,60-69,<15,<15,0
2021-07-17,50-59,<15,19,0
2021-07-17,0-19,198,1198,0
2021-07-17,20-29,52,40,0
2021-07-17,80-89,<15,0,0
2021-07-18,50-59,84,116,0
2021-07-18,30-39,222,258,0
2021-07-18,20-29,269,259,0
2021-07-18,80-89,<15,20,0
2021-07-18,60-69,48,62,0
2021-07-18,70-79,26,35,0
2021-07-18,90+,<15,<15,0
2021-07-18,40-49,143,160,0
2021-07-18,0-19,1205,8780,0
2021-07-19,40-49,228,179,0
2021-07-19,30-39,297,284,0
2021-07-19,70-79,44,39,0
2021-07-19,60-69,73,74,0
2021-07-19,50-59,118,113,0
2021-07-19,20-29,481,345,0
2021-07-19,0-19,1840,10112,0
2021-07-19,80-89,24,25,0
2021-07-19,90+,<15,<15,0
2021-07-20,60-69,74,87,0
2021-07-20,40-49,182,182,0
2021-07-20,50-59,104,113,0
2021-07-20,90+,<15,24,0
2021-07-20,70-79,44,54,0
2021-07-20,30-39,252,299,0
2021-07-20,80-89,25,52,0
2021-07-20,0-19,1497,10639,0
2021-07-20,20-29,372,321,0
2021-07-21,50-59,115,140,0
2021-07-21,0-19,1357,10598,0
2021-07-21,40-49,159,190,0
2021-07-21,30-39,221,292,0
2021-07-21,90+,<15,<15,0
2021-07-21,80-89,21,44,0
2021-07-21,20-29,311,265,0
2021-07-21,60-69,54,100,0
2021-07-21,70-79,36,74,0
2021-07-22,20-29,387,286,0
2021-07-22,0-19,1645,11820,0
2021-07-22,50-59,140,177,0
2021-07-22,70-79,36,54,0
2021-07-22,40-49,210,268,0
2021-07-22,60-69,81,92,0
2021-07-22,30-39,279,371,0
2021-07-22,90+,<15,<15,0
2021-07-22,80-89,16,35,0
2021-07-23,0-19,1262,7474,0
2021-07-23,80-89,<15,<15,0
2021-07-23,30-39,204,200,0
2021-07-23,20-29,209,147,0
2021-07-23,70-79,<15,23,0
2021-07-23,90+,<15,<15,0
2021-07-23,50-59,70,86,0
2021-07-23,60-69,39,38,0
2021-07-23,40-49,130,95,0
2021-07-24,20-29,73,86,0
2021-07-24,80-89,0,<15,0
2021-07-24,0-19,390,1204,0
2021-07-24,50-59,18,<15,0
2021-07-24,30-39,50,41,0
2021-07-24,40-49,43,43,0
2021-07-24,60-69,<15,<15,0
2021-07-24,70-79,<15,<15,0
2021-07-25,20-29,533,430,0
2021-07-25,0-19,2806,13889,0
2021-07-25,60-69,117,113,0
2021-07-25,80-89,27,39,0
2021-07-25,90+,<15,<15,0
2021-07-25,30-39,374,419,0
2021-07-25,40-49,269,254,0
2021-07-25,70-79,62,81,0
2021-07-25,50-59,157,175,0
2021-07-26,90+,<15,<15,0
2021-07-26,30-39,419,375,0
2021-07-26,20-29,589,504,0
2021-07-26,50-59,173,172,0
2021-07-26,80-89,24,34,0
2021-07-26,0-19,3384,11838,0
2021-07-26,40-49,303,249,0
2021-07-26,70-79,54,75,0
2021-07-26,60-69,105,114,0
2021-07-27,20-29,690,614,0
2021-07-27,80-89,27,32,0
2021-07-27,50-59,188,190,0
2021-07-27,90+,15,15,0
2021-07-27,70-79,51,83,0
2021-07-27,30-39,459,474,0
2021-07-27,40-49,338,282,0
2021-07-27,60-69,103,138,0
2021-07-27,0-19,3529,11575,0
2021-07-28,30-39,386,434,0
2021-07-28,70-79,45,87,0
2021-07-28,60-69,83,122,0
2021-07-28,90+,<15,32,0
2021-07-28,80-89,43,50,0
2021-07-28,40-49,255,258,0
2021-07-28,20-29,467,404,0
2021-07-28,0-19,2459,10617,0
2021-07-28,50-59,160,197,0
2021-07-29,90+,<15,27,0
2021-07-29,70-79,60,104,0
2021-07-29,60-69,86,161,0
2021-07-29,30-39,455,551,0
2021-07-29,40-49,303,363,0
2021-07-29,0-19,2931,12019,0
2021-07-29,80-89,27,56,0
2021-07-29,50-59,191,188,0
2021-07-29,20-29,519,526,0
2021-07-30,50-59,129,148,0
2021-07-30,60-69,52,88,1910
2021-07-30,0-19,1645,9526,0
2021-07-30,80-89,<15,25,446
2021-07-30,20-29,269,307,0
2021-07-30,90+,<15,<15,58
2021-07-30,70-79,32,38,1597
2021-07-30,30-39,236,343,0
2021-07-30,40-49,181,233,0
2021-07-31,20-29,134,158,0
2021-07-31,50-59,39,50,0
2021-07-31,80-89,<15,<15,646
2021-07-31,0-19,995,2979,0
2021-07-31,30-39,101,136,0
2021-07-31,70-79,<15,17,2449
2021-07-31,40-49,62,89,0
2021-07-31,60-69,20,42,2923
2021-07-31,90+,0,<15,90
2021-08-01,20-29,278,160,0
2021-08-01,0-19,2105,2747,0
2021-08-01,80-89,62,28,5204
2021-08-01,70-79,47,49,12795
2021-08-01,60-69,60,67,11935
2021-08-01,40-49,160,72,0
2021-08-01,30-39,198,106,0
2021-08-01,50-59,81,51,0
2021-08-01,90+,34,<15,944
2021-08-02,80-89,31,42,9790
2021-08-02,0-19,2078,2177,0
2021-08-02,30-39,205,161,0
2021-08-02,90+,16,15,2125
2021-08-02,40-49,133,100,0
2021-08-02,20-29,335,250,0
2021-08-02,70-79,55,83,24004
2021-08-02,60-69,82,124,22341
2021-08-02,50-59,108,92,0
2021-08-03,80-89,37,42,13404
2021-08-03,20-29,379,320,0
2021-08-03,0-19,2186,2095,0
2021-08-03,70-79,70,117,32006
2021-08-03,50-59,103,88,0
2021-08-03,60-69,92,171,30293
2021-08-03,90+,<15,21,2966
2021-08-03,30-39,255,214,0
2021-08-03,40-49,172,110,0
2021-08-04,0-19,2371,2005,0
2021-08-04,20-29,325,253,0
2021-08-04,70-79,67,139,32390
2021-08-04,30-39,263,219,0
2021-08-04,60-69,99,187,31403
2021-08-04,40-49,173,142,0
2021-08-04,90+,<15,18,2894
2021-08-04,80-89,35,60,13719
2021-08-04,50-59,121,75,0
2021-08-05,70-79,89,159,35152
2021-08-05,30-39,301,244,0
2021-08-05,90+,15,22,3012
2021-08-05,80-89,56,78,14288
2021-08-05,0-19,2989,2201,0
2021-08-05,20-29,472,280,0
2021-08-05,50-59,145,108,0
2021-08-05,40-49,226,151,0
2021-08-05,60-69,135,224,35561
2021-08-06,70-79,47,67,16831
2021-08-06,90+,<15,<15,1442
2021-08-06,20-29,153,116,0
2021-08-06,40-49,110,72,0
2021-08-06,30-39,151,113,0
2021-08-06,60-69,67,136,19272
2021-08-06,80-89,21,29,6915
2021-08-06,50-59,65,63,0
2021-08-06,0-19,1736,1117,0
2021-08-07,40-49,37,32,0
2021-08-07,30-39,75,36,0
2021-08-07,70-79,18,37,10480
2021-08-07,60-69,25,66,11982
2021-08-07,90+,<15,<15,743
2021-08-07,80-89,<15,15,3906
2021-08-07,0-19,688,317,0
2021-08-07,20-29,88,77,0
2021-08-07,50-59,35,29,0
2021-08-08,90+,24,<15,2544
2021-08-08,50-59,159,121,0
2021-08-08,70-79,86,161,30487
2021-08-08,30-39,318,235,0
2021-08-08,40-49,272,145,0
2021-08-08,60-69,167,257,33247
2021-08-08,20-29,420,265,0
2021-08-08,80-89,54,73,12864
2021-08-08,0-19,3483,1745,0
2021-08-09,50-59,162,99,0
2021-08-09,20-29,480,329,0
2021-08-09,80-89,62,76,12465
2021-08-09,70-79,101,165,28458
2021-08-09,60-69,173,268,31616
2021-08-09,90+,17,<15,2671
2021-08-09,30-39,361,223,0
2021-08-09,40-49,271,166,0
2021-08-09,0-19,3670,1588,0
2021-08-10,40-49,330,168,507
2021-08-10,60-69,166,288,31754
2021-08-10,30-39,455,253,93
2021-08-10,70-79,124,218,27282
2021-08-10,0-19,3524,1529,0
2021-08-10,20-29,616,343,0
2021-08-10,50-59,215,154,938
2021-08-10,90+,23,21,2418
2021-08-10,80-89,63,106,12315
2021-08-11,50-59,244,142,1071
2021-08-11,90+,19,<15,2145
2021-08-11,60-69,224,244,26398
2021-08-11,40-49,345,182,593
2021-08-11,0-19,3570,1460,0
2021-08-11,80-89,70,68,10131
2021-08-11,30-39,445,268,87
2021-08-11,20-29,569,298,0
2021-08-11,70-79,139,159,22109
2021-08-12,50-59,296,170,831
2021-08-12,20-29,544,360,0
2021-08-12,0-19,4721,1712,0
2021-08-12,80-89,74,78,9497
2021-08-12,60-69,223,256,26071
2021-08-12,70-79,137,158,20314
2021-08-12,40-49,400,185,465
2021-08-12,30-39,559,265,83
2021-08-12,90+,27,17,2098
2021-08-13,20-29,280,195,0
2021-08-13,0-19,2696,1043,0
2021-08-13,30-39,265,178,84
2021-08-13,40-49,190,120,357
2021-08-13,70-79,58,71,8236
2021-08-13,50-59,122,168,16723
2021-08-13,90+,<15,<15,903
2021-08-13,60-69,101,146,13538
2021-08-13,80-89,34,26,3930
2021-08-14,50-59,121,169,27008
2021-08-14,20-29,193,98,0
2021-08-14,0-19,1500,286,0
2021-08-14,80-89,20,<15,2237
2021-08-14,90+,<15,<15,491
2021-08-14,30-39,145,54,102
2021-08-14,40-49,126,56,372
2021-08-14,70-79,50,35,5228
2021-08-14,60-69,66,61,8989
2021-08-15,20-29,642,419,0
2021-08-15,80-89,72,84,6568
2021-08-15,0-19,4711,2441,0
2021-08-15,60-69,275,270,21601
2021-08-15,50-59,334,472,50186
2021-08-15,90+,<15,20,1381
2021-08-15,70-79,125,167,13513
2021-08-15,30-39,565,349,1518
2021-08-15,40-49,422,242,2977
2021-08-16,20-29,729,421,0
2021-08-16,0-19,4239,2469,0
2021-08-16,80-89,68,51,5958
2021-08-16,60-69,248,294,18546
2021-08-16,70-79,179,156,11962
2021-08-16,30-39,575,340,1981
2021-08-16,40-49,489,280,3268
2021-08-16,90+,15,15,1304
2021-08-16,50-59,422,598,46229
2021-08-17,90+,22,20,1121
2021-08-17,0-19,4659,2722,0
2021-08-17,20-29,707,514,0
2021-08-17,80-89,85,91,4880
2021-08-17,50-59,426,522,42930
2021-08-17,70-79,179,168,10278
2021-08-17,60-69,261,290,17085
2021-08-17,40-49,536,304,4470
2021-08-17,30-39,677,402,2310
2021-08-18,80-89,71,54,4155
2021-08-18,0-19,5594,2430,0
2021-08-18,20-29,785,448,0
2021-08-18,40-49,531,305,3632
2021-08-18,90+,17,<15,980
2021-08-18,30-39,720,386,2036
2021-08-18,70-79,137,143,8559
2021-08-18,50-59,482,468,35298
2021-08-18,60-69,278,266,14360
2021-08-19,80-89,83,69,3522
2021-08-19,0-19,6653,2783,0
2021-08-19,20-29,872,518,0
2021-08-19,50-59,506,505,33947
2021-08-19,70-79,162,162,7272
2021-08-19,30-39,794,397,2225
2021-08-19,60-69,320,302,13745
2021-08-19,90+,27,20,774
2021-08-19,40-49,642,379,4208
2021-08-20,0-19,3220,1392,0
2021-08-20,20-29,355,260,0
2021-08-20,80-89,30,16,1418
2021-08-20,90+,<15,<15,295
2021-08-20,70-79,71,58,2968
2021-08-20,40-49,305,298,26270
2021-08-20,30-39,347,236,1292
2021-08-20,60-69,127,113,6702
2021-08-20,50-59,255,335,21083
2021-08-21,30-39,178,116,1455
2021-08-21,40-49,223,220,31548
2021-08-21,90+,<15,<15,137
2021-08-21,20-29,243,155,0
2021-08-21,70-79,29,30,1443
2021-08-21,80-89,<15,<15,666
2021-08-21,0-19,2622,719,0
2021-08-21,50-59,130,168,11953
2021-08-21,60-69,50,83,3119
2021-08-22,80-89,87,55,2708
2021-08-22,50-59,484,394,25925
2021-08-22,70-79,146,129,5945
2021-08-22,30-39,770,332,5832
2021-08-22,90+,23,15,575
2021-08-22,60-69,292,222,10542
2021-08-22,40-49,769,567,51332
2021-08-22,20-29,924,365,0
2021-08-22,0-19,6379,2687,0
2021-08-23,30-39,899,334,8872
2021-08-23,40-49,866,539,43613
2021-08-23,70-79,150,136,5010
2021-08-23,60-69,274,230,8972
2021-08-23,80-89,71,59,2440
2021-08-23,90+,28,<15,566
2021-08-23,20-29,957,373,0
2021-08-23,0-19,7194,2267,0
2021-08-23,50-59,526,388,21340
2021-08-24,90+,17,<15,540
2021-08-24,30-39,991,367,18719
2021-08-24,70-79,158,127,4611
2021-08-24,40-49,850,555,40558
2021-08-24,50-59,535,419,19178
2021-08-24,60-69,297,243,8029
2021-08-24,80-89,72,68,2088
2021-08-24,20-29,1038,468,0
2021-08-24,0-19,7829,2358,0
2021-08-25,50-59,486,391,14912
2021-08-25,30-39,1066,463,35166
2021-08-25,90+,18,<15,462
2021-08-25,40-49,844,469,32426
2021-08-25,60-69,257,246,6482
2021-08-25,70-79,148,127,3622
2021-08-25,80-89,59,44,1707
2021-08-25,20-29,1042,390,0
2021-08-25,0-19,5775,2235,0
2021-08-26,30-39,1117,497,34306
2021-08-26,60-69,219,223,6427
2021-08-26,70-79,143,117,3036
2021-08-26,40-49,834,510,34416
2021-08-26,50-59,471,404,16220
2021-08-26,20-29,1129,413,0
2021-08-26,0-19,6168,2754,0
2021-08-26,80-89,55,40,1450
2021-08-26,90+,<15,<15,296
2021-08-27,60-69,97,90,3019
2021-08-27,40-49,345,261,20829
2021-08-27,50-59,178,190,8808
2021-08-27,90+,<15,<15,101
2021-08-27,70-79,43,37,1208
2021-08-27,30-39,398,265,19953
2021-08-27,20-29,370,171,0
2021-08-27,80-89,19,19,512
2021-08-27,0-19,2856,1653,0
2021-08-28,50-59,111,139,4897
2021-08-28,0-19,2743,707,0
2021-08-28,20-29,248,139,0
2021-08-28,60-69,54,61,1657
2021-08-28,70-79,24,30,722
2021-08-28,80-89,<15,<15,289
2021-08-28,30-39,261,173,13019
2021-08-28,90+,<15,0,61
2021-08-28,40-49,248,179,11731
2021-08-29,0-19,6581,3526,1546
2021-08-29,50-59,456,330,10476
2021-08-29,20-29,1183,543,9231
2021-08-29,70-79,114,145,2571
2021-08-29,60-69,235,212,4835
2021-08-29,40-49,781,523,22211
2021-08-29,30-39,963,545,27043
2021-08-29,80-89,56,50,1159
2021-08-29,90+,18,<15,260
2021-08-30,50-59,570,404,10820
2021-08-30,70-79,129,138,2482
2021-08-30,30-39,1384,668,28929
2021-08-30,80-89,56,44,1215
2021-08-30,20-29,1595,823,35462
2021-08-30,0-19,7415,4007,9423
2021-08-30,90+,<15,<15,317
2021-08-30,40-49,947,600,22275
2021-08-30,60-69,262,229,4821
2021-08-31,20-29,1467,928,39606
2021-08-31,0-19,7632,3459,9890
2021-08-31,80-89,44,59,1177
2021-08-31,50-59,440,411,10079
2021-08-31,60-69,227,254,4658
2021-08-31,70-79,144,167,2374
2021-08-31,90+,<15,<15,267
2021-08-31,30-39,1296,593,26219
2021-08-31,40-49,878,544,20298
2021-09-01,20-29,1801,1068,44053
2021-09-01,0-19,4485,2873,12327
2021-09-01,80-89,48,57,888
2021-09-01,90+,<15,<15,247
2021-09-01,60-69,229,276,3822
2021-09-01,30-39,1165,640,23732
2021-09-01,70-79,123,160,1950
2021-09-01,40-49,766,498,17099
2021-09-01,50-59,456,332,7977
2021-09-02,90+,22,<15,224
2021-09-02,30-39,1196,596,25236
2021-09-02,20-29,1836,1095,38011
2021-09-02,0-19,4135,4012,12233
2021-09-02,80-89,65,58,796
2021-09-02,50-59,481,384,9129
2021-09-02,60-69,225,251,3853
2021-09-02,70-79,121,133,1808
2021-09-02,40-49,758,539,19942
2021-09-03,20-29,526,491,16703
2021-09-03,70-79,39,60,825
2021-09-03,80-89,<15,17,309
2021-09-03,30-39,434,336,15777
2021-09-03,90+,<15,<15,63
2021-09-03,40-49,322,298,12112
2021-09-03,50-59,150,230,5135
2021-09-03,60-69,71,99,1947
2021-09-03,0-19,2168,2482,5909
2021-09-04,70-79,20,19,423
2021-09-04,30-39,242,189,7477
2021-09-04,40-49,185,158,5758
2021-09-04,90+,<15,<15,47
2021-09-04,80-89,<15,<15,188
2021-09-04,60-69,42,71,980
2021-09-04,0-19,1833,1150,3775
2021-09-04,20-29,248,224,8528
2021-09-04,50-59,97,141,2711
2021-09-05,90+,<15,<15,155
2021-09-05,60-69,202,202,2521
2021-09-05,70-79,125,104,1417
2021-09-05,30-39,879,448,14802
2021-09-05,40-49,613,382,10129
2021-09-05,50-59,365,280,5129
2021-09-05,20-29,1284,872,28741
2021-09-05,80-89,47,38,614
2021-09-05,0-19,3549,4071,9614
2021-09-06,60-69,65,72,810
2021-09-06,50-59,137,116,2057
2021-09-06,90+,<15,<15,28
2021-09-06,30-39,334,209,5142
2021-09-06,40-49,271,166,3896
2021-09-06,70-79,38,42,366
2021-09-06,20-29,435,323,7323
2021-09-06,0-19,1510,1667,2961
2021-09-06,80-89,17,22,144
2021-09-07,50-59,47,35,620
2021-09-07,20-29,160,109,1397
2021-09-07,0-19,760,470,436
2021-09-07,80-89,<15,<15,38
2021-09-07,30-39,118,75,1339
2021-09-07,70-79,<15,<15,140
2021-09-07,60-69,15,25,282
2021-09-07,90+,0,0,<15
2021-09-07,40-49,60,73,1095
2021-09-08,0-19,858,726,620
2021-09-08,20-29,201,154,1754
2021-09-08,50-59,52,42,725
2021-09-08,70-79,<15,16,144
2021-09-08,40-49,97,72,1318
2021-09-08,60-69,24,25,339
2021-09-08,30-39,116,78,1614
2021-09-08,80-89,<15,<15,60
2021-09-08,90+,0,0,<15
2021-09-09,80-89,54,88,664
2021-09-09,0-19,3658,8432,7584
2021-09-09,70-79,114,256,1670
2021-09-09,20-29,1251,1044,21949
2021-09-09,90+,15,19,171
2021-09-09,40-49,630,752,13761
2021-09-09,30-39,866,927,17456
2021-09-09,50-59,356,562,7053
2021-09-09,60-69,193,384,3321
2021-09-10,80-89,32,26,269
2021-09-10,0-19,1821,3334,3487
2021-09-10,20-29,442,411,10187
2021-09-10,30-39,393,404,10204
2021-09-10,50-59,130,214,3716
2021-09-10,70-79,47,65,669
2021-09-10,60-69,72,135,1560
2021-09-10,90+,<15,<15,49
2021-09-10,40-49,290,341,7692
2021-09-11,0-19,1435,1754,1544
2021-09-11,20-29,212,182,3902
2021-09-11,30-39,195,162,3685
2021-09-11,70-79,19,40,264
2021-09-11,40-49,127,158,3078
2021-09-11,60-69,36,48,603
2021-09-11,80-89,<15,<15,108
2021-09-11,90+,0,<15,21
2021-09-11,50-59,73,94,1565
2021-09-12,30-39,789,641,11851
2021-09-12,90+,<15,<15,180
2021-09-12,70-79,86,173,1396
2021-09-12,80-89,45,77,675
2021-09-12,20-29,1178,950,18086
2021-09-12,0-19,3081,5572,5871
2021-09-12,60-69,162,269,2601
2021-09-12,50-59,287,360,4676
2021-09-12,40-49,521,483,8633
2021-09-13,60-69,168,327,2195
2021-09-13,30-39,749,685,10628
2021-09-13,70-79,105,204,1146
2021-09-13,90+,18,19,187
2021-09-13,40-49,563,520,8122
2021-09-13,80-89,39,73,591
2021-09-13,20-29,1081,868,15616
2021-09-13,50-59,319,404,4158
2021-09-13,0-19,2650,5060,5114
2021-09-14,70-79,69,157,1168
2021-09-14,30-39,614,643,11132
2021-09-14,60-69,134,278,2260
2021-09-14,40-49,479,512,9048
2021-09-14,0-19,2592,4615,4653
2021-09-14,80-89,36,72,512
2021-09-14,90+,<15,15,161
2021-09-14,50-59,250,369,5181
2021-09-14,20-29,799,685,14587
2021-09-15,50-59,93,151,2152
2021-09-15,90+,<15,<15,21
2021-09-15,70-79,16,36,325
2021-09-15,60-69,50,110,874
2021-09-15,40-49,168,208,3747
2021-09-15,20-29,267,268,4185
2021-09-15,30-39,254,241,4068
2021-09-15,80-89,<15,17,129
2021-09-15,0-19,866,1619,1126
2021-09-16,50-59,<15,19,259
2021-09-16,80-89,<15,<15,<15
2021-09-16,70-79,<15,<15,32
2021-09-16,90+,0,0,<15
2021-09-16,20-29,59,58,485
2021-09-16,40-49,33,34,357
2021-09-16,60-69,<15,<15,83
2021-09-16,30-39,39,34,377
2021-09-16,0-19,162,327,114
2021-09-17,40-49,410,469,8913
2021-09-17,70-79,31,118,758
2021-09-17,60-69,100,231,1764
2021-09-17,30-39,483,587,11472
2021-09-17,20-29,595,572,11179
2021-09-17,0-19,1846,4556,4002
2021-09-17,50-59,197,346,4420
2021-09-17,90+,0,<15,45
2021-09-17,80-89,17,52,244
2021-09-18,50-59,84,110,1462
2021-09-18,90+,<15,<15,23
2021-09-18,60-69,30,73,625
2021-09-18,40-49,176,188,2793
2021-09-18,70-79,<15,50,268
2021-09-18,30-39,237,215,3222
2021-09-18,0-19,1476,2033,1155
2021-09-18,80-89,<15,16,103
2021-09-18,20-29,230,210,3101
2021-09-19,60-69,182,396,2424
2021-09-19,50-59,364,458,4266
2021-09-19,20-29,1250,1051,13605
2021-09-19,80-89,41,101,593
2021-09-19,0-19,2615,6886,4568
2021-09-19,90+,<15,21,143
2021-09-19,30-39,851,844,9784
2021-09-19,40-49,594,696,7445
2021-09-19,70-79,84,223,1363
2021-09-20,20-29,483,447,4607
2021-09-20,0-19,1759,2965,1516
2021-09-20,70-79,40,73,487
2021-09-20,30-39,371,399,3961
2021-09-20,50-59,181,240,1790
2021-09-20,80-89,<15,19,236
2021-09-20,60-69,56,143,982
2021-09-20,40-49,315,294,3011
2021-09-20,90+,<15,<15,40
2021-09-21,0-19,830,1538,285
2021-09-21,20-29,188,162,879
2021-09-21,80-89,<15,<15,46
2021-09-21,50-59,47,55,392
2021-09-21,90+,<15,<15,<15
2021-09-21,60-69,22,28,179
2021-09-21,70-79,<15,<15,102
2021-09-21,30-39,125,106,862
2021-09-21,40-49,79,95,661
2021-09-22,20-29,786,796,6418
2021-09-22,0-19,1986,4208,2003
2021-09-22,80-89,33,62,450
2021-09-22,60-69,132,300,1701
2021-09-22,70-79,81,191,930
2021-09-22,90+,<15,17,119
2021-09-22,40-49,422,549,4598
2021-09-22,30-39,556,685,5928
2021-09-22,50-59,265,385,2807
2021-09-23,0-19,1908,3127,1976
2021-09-23,20-29,806,708,6701
2021-09-23,80-89,29,74,413
2021-09-23,90+,<15,16,123
2021-09-23,40-49,489,524,5453
2021-09-23,30-39,640,636,6809
2021-09-23,70-79,64,144,957
2021-09-23,60-69,141,220,1897
2021-09-23,50-59,318,388,3384
2021-09-24,90+,<15,<15,49
2021-09-24,80-89,<15,19,174
2021-09-24,0-19,1565,2426,2056
2021-09-24,20-29,511,394,6781
2021-09-24,50-59,188,273,3363
2021-09-24,70-79,31,63,509
2021-09-24,60-69,85,150,1330
2021-09-24,30-39,420,420,7289
2021-09-24,40-49,368,362,6078
2021-09-25,70-79,15,20,169
2021-09-25,30-39,163,159,2582
2021-09-25,40-49,150,166,2280
2021-09-25,90+,0,0,<15
2021-09-25,20-29,220,204,2647
2021-09-25,0-19,1409,1496,916
2021-09-25,80-89,<15,<15,60
2021-09-25,50-59,88,110,1224
2021-09-25,60-69,28,59,497
2021-09-26,80-89,41,54,421
2021-09-26,0-19,2685,3281,3028
2021-09-26,20-29,937,685,9239
2021-09-26,40-49,593,528,7214
2021-09-26,90+,<15,<15,123
2021-09-26,70-79,69,123,1015
2021-09-26,50-59,392,426,4141
2021-09-26,30-39,748,589,8864
2021-09-26,60-69,176,237,2111
2021-09-27,20-29,809,551,8081
2021-09-27,0-19,2140,2213,2776
2021-09-27,90+,<15,<15,34
2021-09-27,80-89,31,33,210
2021-09-27,70-79,57,110,667
2021-09-27,40-49,491,443,5992
2021-09-27,30-39,670,505,7562
2021-09-27,60-69,151,200,1545
2021-09-27,50-59,336,337,3482
2021-09-28,70-79,<15,22,99
2021-09-28,30-39,210,121,1526
2021-09-28,40-49,146,107,1201
2021-09-28,90+,0,<15,<15
2021-09-28,20-29,234,167,1721
2021-09-28,0-19,726,640,544
2021-09-28,80-89,<15,<15,28
2021-09-28,60-69,27,27,290
2021-09-28,50-59,93,58,760
2021-09-29,20-29,1862,1201,16284
2021-09-29,80-89,46,65,646
2021-09-29,50-59,774,672,6770
2021-09-29,30-39,1560,1011,14620
2021-09-29,70-79,104,242,1549
2021-09-29,60-69,300,506,3436
2021-09-29,90+,<15,21,151
2021-09-29,40-49,1198,925,11273
2021-09-29,0-19,3815,3648,5422
2021-09-30,70-79,107,240,1701
2021-09-30,60-69,404,488,4378
2021-09-30,40-49,1487,937,15762
2021-09-30,30-39,2014,1076,20705
2021-09-30,80-89,60,92,687
2021-09-30,0-19,3539,3608,6468
2021-09-30,20-29,2466,1301,20556
2021-09-30,90+,<15,19,170
2021-09-30,50-59,933,727,9053
2021-10-01,90+,<15,<15,42
2021-10-01,30-39,1023,497,13079
2021-10-01,70-79,52,82,693
2021-10-01,40-49,848,443,9686
2021-10-01,50-59,414,325,5226
2021-10-01,60-69,191,172,2124
2021-10-01,0-19,1563,1680,3556
2021-10-01,80-89,15,31,254
2021-10-01,20-29,1025,552,11721
2021-10-02,50-59,226,140,2630
2021-10-02,20-29,593,312,5895
2021-10-02,80-89,<15,17,80
2021-10-02,60-69,100,66,901
2021-10-02,90+,<15,0,17
2021-10-02,40-49,427,247,4744
2021-10-02,70-79,23,27,258
2021-10-02,30-39,513,249,5833
2021-10-02,0-19,977,1035,1996
2021-10-03,40-49,1617,808,12724
2021-10-03,30-39,2088,901,16938
2021-10-03,70-79,169,203,1614
2021-10-03,60-69,454,374,3927
2021-10-03,20-29,2812,1248,20564
2021-10-03,50-59,934,624,7771
2021-10-03,90+,18,23,153
2021-10-03,80-89,66,70,637
2021-10-03,0-19,3585,2979,6234
2021-10-04,60-69,363,319,2677
2021-10-04,40-49,1407,787,8822
2021-10-04,30-39,1861,847,12332
2021-10-04,70-79,120,179,1192
2021-10-04,50-59,900,568,5327
2021-10-04,90+,20,27,177
2021-10-04,80-89,72,87,611
2021-10-04,20-29,2645,1170,15826
2021-10-04,0-19,2957,2718,4764
2021-10-05,50-59,671,415,4107
2021-10-05,0-19,2728,2323,3736
2021-10-05,80-89,57,58,498
2021-10-05,20-29,2030,865,12585
2021-10-05,30-39,1463,638,9713
2021-10-05,40-49,1065,547,6668
2021-10-05,90+,17,<15,149
2021-10-05,60-69,311,235,1900
2021-10-05,70-79,125,147,958
2021-10-06,0-19,2324,1666,3422
2021-10-06,20-29,1932,767,10590
2021-10-06,50-59,550,335,3239
2021-10-06,30-39,1420,529,8072
2021-10-06,40-49,943,453,5568
2021-10-06,60-69,265,201,1636
2021-10-06,70-79,113,94,795
2021-10-06,80-89,58,45,427
2021-10-06,90+,18,<15,154
2021-10-07,50-59,541,327,3349
2021-10-07,20-29,1873,797,10616
2021-10-07,70-79,76,93,700
2021-10-07,30-39,1239,579,8067
2021-10-07,0-19,1946,1423,3467
2021-10-07,80-89,52,46,361
2021-10-07,90+,<15,<15,105
2021-10-07,40-49,948,486,5737
2021-10-07,60-69,243,193,1478
2021-10-08,80-89,17,<15,123
2021-10-08,20-29,822,394,5886
2021-10-08,0-19,895,1273,1911
2021-10-08,60-69,92,86,727
2021-10-08,50-59,213,171,1842
2021-10-08,30-39,593,322,4932
2021-10-08,90+,<15,<15,30
2021-10-08,40-49,442,274,3380
2021-10-08,70-79,19,38,294
2021-10-09,20-29,327,226,2489
2021-10-09,0-19,493,779,850
2021-10-09,40-49,167,100,1258
2021-10-09,90+,0,<15,<15
2021-10-09,60-69,34,29,291
2021-10-09,80-89,<15,<15,36
2021-10-09,70-79,17,<15,99
2021-10-09,30-39,197,175,1604
2021-10-09,50-59,94,71,759
2021-10-10,90+,<15,<15,78
2021-10-10,0-19,1516,1828,2307
2021-10-10,20-29,1197,613,7008
2021-10-10,80-89,22,46,286
2021-10-10,50-59,348,231,1910
2021-10-10,40-49,533,332,3254
2021-10-10,70-79,63,71,536
2021-10-10,30-39,837,453,5011
2021-10-10,60-69,168,125,1038
2021-10-11,0-19,1214,1151,1805
2021-10-11,20-29,1194,555,5513
2021-10-11,40-49,528,287,2611
2021-10-11,80-89,45,33,267
2021-10-11,90+,<15,<15,109
2021-10-11,70-79,78,84,435
2021-10-11,30-39,738,421,3901
2021-10-11,50-59,305,217,1579
2021-10-11,60-69,148,129,936
2021-10-12,40-49,446,285,2330
2021-10-12,90+,<15,<15,67
2021-10-12,80-89,22,15,210
2021-10-12,70-79,54,59,420
2021-10-12,30-39,710,398,3493
2021-10-12,60-69,130,116,759
2021-10-12,20-29,995,512,4807
2021-10-12,0-19,1292,1387,1787
2021-10-12,50-59,330,176,1373
2021-10-13,90+,<15,<15,87
2021-10-13,30-39,578,281,2987
2021-10-13,60-69,139,90,644
2021-10-13,40-49,381,197,1992
2021-10-13,70-79,53,49,365
2021-10-13,20-29,997,438,4333
2021-10-13,50-59,259,134,1257
2021-10-13,0-19,1054,1179,1576
2021-10-13,80-89,31,26,203
2021-10-14,50-59,272,134,1613
2021-10-14,60-69,125,97,770
2021-10-14,20-29,1028,397,5150
2021-10-14,70-79,58,53,385
2021-10-14,90+,<15,<15,68
2021-10-14,40-49,447,206,2640
2021-10-14,30-39,717,310,3953
2021-10-14,80-89,31,24,192
2021-10-14,0-19,1191,1408,1655
2021-10-15,50-59,102,85,812
2021-10-15,20-29,445,228,2809
2021-10-15,80-89,<15,16,64
2021-10-15,0-19,540,870,903
2021-10-15,40-49,203,160,1562
2021-10-15,90+,<15,<15,19
2021-10-15,70-79,19,27,117
2021-10-15,30-39,311,194,2266
2021-10-15,60-69,49,50,366
2021-10-16,20-29,211,141,1372
2021-10-16,0-19,236,543,456
2021-10-16,30-39,129,88,857
2021-10-16,60-69,21,<15,130
2021-10-16,70-79,<15,<15,60
2021-10-16,40-49,73,66,713
2021-10-16,50-59,54,51,376
2021-10-16,80-89,<15,<15,17
2021-10-16,90+,0,0,<15
2021-10-17,0-19,913,1207,1218
2021-10-17,80-89,35,26,162
2021-10-17,70-79,47,68,312
2021-10-17,90+,<15,<15,57
2021-10-17,40-49,368,235,2045
2021-10-17,30-39,522,308,3048
2021-10-17,20-29,896,407,4180
2021-10-17,60-69,130,102,578
2021-10-17,50-59,208,139,1113
2021-10-18,80-89,19,18,156
2021-10-18,20-29,729,270,3416
2021-10-18,0-19,677,757,1117
2021-10-18,50-59,177,90,824
2021-10-18,60-69,90,61,452
2021-10-18,70-79,43,46,290
2021-10-18,90+,<15,<15,57
2021-10-18,40-49,271,153,1378
2021-10-18,30-39,451,222,2256
2021-10-19,20-29,722,232,3087
2021-10-19,70-79,43,31,253
2021-10-19,60-69,85,45,497
2021-10-19,30-39,426,141,2049
2021-10-19,40-49,253,112,1365
2021-10-19,80-89,22,15,158
2021-10-19,90+,<15,<15,62
2021-10-19,50-59,147,70,753
2021-10-19,0-19,672,578,987
2021-10-20,90+,<15,<15,86
2021-10-20,30-39,435,254,2235
2021-10-20,70-79,57,42,283
2021-10-20,80-89,22,23,169
2021-10-20,0-19,699,1200,1218
2021-10-20,20-29,710,397,3184
2021-10-20,50-59,180,87,913
2021-10-20,40-49,265,168,1390
2021-10-20,60-69,76,62,484
2021-10-21,20-29,835,533,3801
2021-10-21,90+,<15,<15,58
2021-10-21,70-79,42,63,328
2021-10-21,80-89,33,28,163
2021-10-21,60-69,122,101,569
2021-10-21,40-49,362,200,1821
2021-10-21,30-39,532,318,2827
2021-10-21,50-59,233,154,1068
2021-10-21,0-19,864,1631,1388
2021-10-22,40-49,154,137,999
2021-10-22,30-39,257,179,1589
2021-10-22,70-79,26,17,92
2021-10-22,60-69,42,39,241
2021-10-22,80-89,<15,<15,59
2021-10-22,90+,0,<15,<15
2021-10-22,0-19,365,746,557
2021-10-22,20-29,300,181,1567
2021-10-22,50-59,122,73,580
2021-10-23,50-59,28,26,243
2021-10-23,60-69,<15,17,81
2021-10-23,30-39,80,63,541
2021-10-23,70-79,<15,<15,25
2021-10-23,40-49,53,41,393
2021-10-23,80-89,<15,<15,<15
2021-10-23,20-29,124,115,856
2021-10-23,0-19,247,963,381
2021-10-24,50-59,182,137,888
2021-10-24,60-69,102,111,516
2021-10-24,30-39,410,302,2292
2021-10-24,20-29,658,377,2932
2021-10-24,90+,<15,<15,31
2021-10-24,70-79,53,30,302
2021-10-24,40-49,271,208,1514
2021-10-24,80-89,25,32,160
2021-10-24,0-19,820,1427,1135
2021-10-25,70-79,50,56,236
2021-10-25,60-69,94,81,448
2021-10-25,30-39,394,234,1886
2021-10-25,40-49,253,180,1190
2021-10-25,20-29,650,382,2643
2021-10-25,0-19,982,1597,1021
2021-10-25,50-59,167,120,749
2021-10-25,90+,<15,<15,48
2021-10-25,80-89,26,30,153
2021-10-26,50-59,154,115,800
2021-10-26,0-19,896,1062,938
2021-10-26,90+,<15,<15,48
2021-10-26,60-69,89,70,442
2021-10-26,40-49,257,143,1250
2021-10-26,80-89,19,23,159
2021-10-26,20-29,582,311,2538
2021-10-26,30-39,342,224,1944
2021-10-26,70-79,42,40,273
2021-10-27,60-69,84,93,392
2021-10-27,50-59,165,155,721
2021-10-27,20-29,554,390,2346
2021-10-27,0-19,793,1250,993
2021-10-27,80-89,43,41,148
2021-10-27,30-39,345,301,1735
2021-10-27,90+,<15,25,68
2021-10-27,40-49,280,195,1152
2021-10-27,70-79,45,56,236
2021-10-28,20-29,610,482,2534
2021-10-28,0-19,752,1221,941
2021-10-28,30-39,424,383,2130
2021-10-28,50-59,217,174,800
2021-10-28,90+,<15,<15,49
2021-10-28,80-89,20,35,105
2021-10-28,70-79,37,43,231
2021-10-28,60-69,95,104,405
2021-10-28,40-49,338,249,1332
2021-10-29,0-19,295,508,462
2021-10-29,80-89,<15,<15,28
2021-10-29,20-29,219,182,1129
2021-10-29,50-59,48,73,335
2021-10-29,90+,0,0,<15
2021-10-29,70-79,<15,<15,64
2021-10-29,40-49,114,123,671
2021-10-29,30-39,154,156,1145
2021-10-29,60-69,26,30,186
2021-10-30,20-29,112,113,599
2021-10-30,0-19,112,261,213
2021-10-30,80-89,<15,<15,<15
2021-10-30,60-69,<15,<15,56
2021-10-30,50-59,22,18,148
2021-10-30,40-49,30,34,254
2021-10-30,30-39,57,63,369
2021-10-30,70-79,<15,<15,19
2021-10-31,20-29,648,516,2654
2021-10-31,0-19,717,1073,1133
2021-10-31,70-79,33,48,215
2021-10-31,30-39,363,309,1775
2021-10-31,40-49,251,234,1158
2021-10-31,90+,<15,<15,37
2021-10-31,60-69,93,92,387
2021-10-31,80-89,17,18,113
2021-10-31,50-59,167,167,682
2021-11-01,90+,<15,<15,30
2021-11-01,50-59,121,125,583
2021-11-01,80-89,15,35,95
2021-11-01,20-29,488,455,2115
2021-11-01,0-19,465,783,750
2021-11-01,70-79,36,43,160
2021-11-01,60-69,81,89,303
2021-11-01,40-49,175,201,860
2021-11-01,30-39,339,317,1464
2021-11-02,0-19,528,750,701
2021-11-02,80-89,24,17,104
2021-11-02,30-39,307,292,1543
2021-11-02,20-29,690,434,1796
2021-11-02,70-79,51,51,161
2021-11-02,40-49,207,217,900
2021-11-02,90+,<15,<15,42
2021-11-02,60-69,78,79,318
2021-11-02,50-59,126,134,593
2021-11-03,0-19,552,750,703
2021-11-03,80-89,17,24,80
2021-11-03,20-29,469,343,1598
2021-11-03,50-59,107,148,501
2021-11-03,30-39,313,266,1253
2021-11-03,70-79,34,32,172
2021-11-03,60-69,52,80,281
2021-11-03,40-49,203,192,780
2021-11-03,90+,<15,<15,37
2021-11-04,0-19,808,1313,879
2021-11-04,20-29,483,497,2041
2021-11-04,90+,<15,<15,24
2021-11-04,80-89,<15,21,93
2021-11-04,60-69,62,103,332
2021-11-04,50-59,146,172,657
2021-11-04,70-79,27,54,165
2021-11-04,40-49,238,245,1078
2021-11-04,30-39,334,346,1692
2021-11-05,70-79,17,16,65
2021-11-05,30-39,133,130,871
2021-11-05,90+,<15,<15,<15
2021-11-05,20-29,155,146,923
2021-11-05,80-89,<15,<15,24
2021-11-05,0-19,219,350,398
2021-11-05,50-59,71,49,336
2021-11-05,40-49,122,112,576
2021-11-05,60-69,30,40,135
2021-11-06,20-29,128,90,512
2021-11-06,80-89,<15,<15,<15
2021-11-06,50-59,<15,21,115
2021-11-06,40-49,33,24,170
2021-11-06,30-39,56,45,278
2021-11-06,60-69,<15,<15,41
2021-11-06,70-79,<15,<15,16
2021-11-06,0-19,89,176,190
2021-11-07,40-49,194,204,908
2021-11-07,70-79,25,36,183
2021-11-07,30-39,273,256,1431
2021-11-07,60-69,63,81,301
2021-11-07,80-89,15,20,63
2021-11-07,90+,<15,<15,20
2021-11-07,20-29,439,373,1825
2021-11-07,0-19,499,667,736
2021-11-07,50-59,101,103,564
2021-11-08,70-79,15,29,134
2021-11-08,90+,<15,<15,30
2021-11-08,30-39,237,224,1143
2021-11-08,60-69,58,62,249
2021-11-08,50-59,97,113,440
2021-11-08,40-49,188,165,711
2021-11-08,80-89,<15,21,67
2021-11-08,0-19,486,548,679
2021-11-08,20-29,409,378,1790
2021-11-09,50-59,105,112,439
2021-11-09,80-89,<15,22,102
2021-11-09,40-49,183,165,733
2021-11-09,30-39,281,271,1213
2021-11-09,20-29,380,320,1532
2021-11-09,70-79,23,38,158
2021-11-09,60-69,63,69,263
2021-11-09,90+,<15,<15,38
2021-11-09,0-19,401,537,664
2021-11-10,70-79,33,47,140
2021-11-10,60-69,48,73,220
2021-11-10,40-49,161,146,688
2021-11-10,30-39,225,203,1081
2021-11-10,20-29,391,347,1313
2021-11-10,50-59,95,131,395
2021-11-10,0-19,475,628,629
2021-11-10,80-89,<15,<15,78
2021-11-10,90+,<15,<15,37
2021-11-11,50-59,113,142,482
2021-11-11,60-69,55,79,253
2021-11-11,40-49,175,175,844
2021-11-11,90+,<15,<15,26
2021-11-11,30-39,291,294,1417
2021-11-11,70-79,33,33,138
2021-11-11,80-89,<15,27,85
2021-11-11,20-29,435,440,1619
2021-11-11,0-19,526,707,720
2021-11-12,50-59,36,44,230
2021-11-12,0-19,221,357,407
2021-11-12,80-89,<15,<15,24
2021-11-12,20-29,144,148,765
2021-11-12,70-79,<15,<15,33
2021-11-12,60-69,16,25,94
2021-11-12,90+,<15,0,<15
2021-11-12,40-49,72,82,470
2021-11-12,30-39,105,102,716
2021-11-13,0-19,74,113,158
2021-11-13,20-29,67,76,351
2021-11-13,50-59,19,<15,101
2021-11-13,40-49,19,23,159
2021-11-13,30-39,52,31,250
2021-11-13,70-79,<15,<15,<15
2021-11-13,60-69,<15,<15,32
2021-11-13,80-89,0,<15,<15
2021-11-14,50-59,84,111,444
2021-11-14,20-29,427,330,1428
2021-11-14,80-89,<15,20,61
2021-11-14,0-19,540,649,701
2021-11-14,30-39,256,211,1195
2021-11-14,90+,<15,<15,22
2021-11-14,60-69,42,59,247
2021-11-14,70-79,26,44,133
2021-11-14,40-49,169,169,773
2021-11-15,20-29,338,411,1492
2021-11-15,0-19,369,616,727
2021-11-15,80-89,16,22,53
2021-11-15,60-69,55,58,218
2021-11-15,50-59,89,81,377
2021-11-15,70-79,21,34,100
2021-11-15,90+,<15,<15,19
2021-11-15,30-39,215,192,960
2021-11-15,40-49,143,138,642
2021-11-16,0-19,406,520,618
2021-11-16,20-29,334,289,1158
2021-11-16,80-89,<15,<15,51
2021-11-16,40-49,149,145,662
2021-11-16,90+,<15,<15,16
2021-11-16,60-69,44,61,208
2021-11-16,70-79,25,33,112
2021-11-16,30-39,220,197,944
2021-11-16,50-59,87,99,384
2021-11-17,90+,<15,<15,25
2021-11-17,80-89,19,21,53
2021-11-17,20-29,302,299,1090
2021-11-17,0-19,407,652,513
2021-11-17,50-59,90,99,333
2021-11-17,70-79,28,28,107
2021-11-17,40-49,121,131,519
2021-11-17,60-69,42,61,209
2021-11-17,30-39,207,211,852
2021-11-18,20-29,383,370,1358
2021-11-18,80-89,<15,28,50
2021-11-18,0-19,424,534,625
2021-11-18,50-59,78,126,416
2021-11-18,30-39,258,240,1189
2021-11-18,90+,<15,<15,<15
2021-11-18,70-79,27,40,147
2021-11-18,40-49,141,202,758
2021-11-18,60-69,54,69,258
2021-11-19,80-89,<15,<15,<15
2021-11-19,60-69,16,21,76
2021-11-19,90+,0,<15,<15
2021-11-19,40-49,72,72,392
2021-11-19,30-39,106,98,632
2021-11-19,70-79,<15,<15,40
2021-11-19,20-29,148,144,628
2021-11-19,0-19,192,292,314
2021-11-19,50-59,42,61,206
2021-11-20,60-69,<15,<15,37
2021-11-20,30-39,35,30,158
2021-11-20,70-79,0,<15,<15
2021-11-20,40-49,15,<15,136
2021-11-20,0-19,86,103,122
2021-11-20,80-89,<15,<15,0
2021-11-20,20-29,63,56,284
2021-11-20,50-59,<15,<15,98
2021-11-21,50-59,100,98,436
2021-11-21,60-69,53,70,243
2021-11-21,40-49,160,162,745
2021-11-21,70-79,29,33,132
2021-11-21,90+,<15,<15,19
2021-11-21,30-39,231,215,1183
2021-11-21,20-29,358,352,1246
2021-11-21,0-19,501,536,686
2021-11-21,80-89,<15,19,49
2021-11-22,50-59,72,99,321
2021-11-22,20-29,335,349,1297
2021-11-22,80-89,<15,20,52
2021-11-22,0-19,805,545,603
2021-11-22,70-79,23,26,90
2021-11-22,30-39,242,218,885
2021-11-22,60-69,42,57,191
2021-11-22,90+,<15,<15,16
2021-11-22,40-49,129,156,575
2021-11-23,0-19,7556,760,520
2021-11-23,20-29,344,331,1089
2021-11-23,30-39,182,181,886
2021-11-23,40-49,119,126,586
2021-11-23,70-79,25,35,100
2021-11-23,50-59,76,97,316
2021-11-23,60-69,41,57,192
2021-11-23,80-89,<15,22,38
2021-11-23,90+,<15,<15,<15
