LTLA Code,D1.0-40,D1.40-45,D1.45-50,D1.50-55,D1.55-60,D1.60-65,D1.65-70,D1.70-75,D1.75-80,D1.80-150,D2.0-40,D2.40-45,D2.45-50,D2.50-55,D2.55-60,D2.60-65,D2.65-70,D2.70-75,D2.75-80,D2.80-150
E06000001,6733,2763,4421,6048,6690,5985,5069,4956,3181,4535,2719,857,957,1354,1776,1779,1415,4502,3091,4423
E06000002,12539,5651,6572,7915,8697,8235,6897,6197,4168,5915,6576,1719,1975,2666,3267,3448,4588,5613,3926,5522
E06000003,11521,4927,6648,9126,10125,9087,8060,8433,6185,7979,5279,1454,1720,2421,3013,2996,3834,7824,6010,7721
E06000004,14901,7229,9802,12797,13177,12189,10414,10002,6721,8875,7246,2373,2632,3393,3918,4004,6498,9413,6552,8667
E06000005,7550,3938,5617,7170,7345,6668,5761,5851,4109,5812,2859,947,1112,1370,1462,1515,4436,5519,3977,5614
E06000006,10139,4850,6760,8302,8615,7822,6990,6920,4186,5111,3985,1423,1711,2140,2524,2884,5904,6559,4038,4894
E06000007,15831,8524,11751,14848,15082,12170,10339,10467,8020,10220,6457,2364,2892,3674,4320,3879,7264,10010,7725,9761
E06000008,11477,5530,6848,8854,8342,7431,6266,5882,3902,5183,4179,1270,1619,2050,2144,2838,4936,5480,3692,4889
E06000009,13674,5434,7094,9521,10158,8758,7254,7543,5622,7525,5619,1607,2197,2998,3808,3726,6190,7184,5391,7247
E06000010,21728,9986,12612,15024,15684,13847,11532,10936,6895,9683,9352,2550,3176,3975,4729,4815,7250,10347,6643,9272
E06000011,20012,11967,17773,23875,25734,23785,22419,24900,17579,23388,9656,3253,4411,5714,7461,9109,14004,23785,17035,22637
E06000012,10971,4771,7671,10026,10946,9598,8397,8589,6096,8718,3784,1033,1415,1744,2061,1829,2537,8105,5810,8344
E06000013,11879,6863,8848,11586,12188,10873,9716,9981,7153,9317,5949,1872,2439,3844,4649,5238,6342,9448,6936,9010
E06000014,13912,8441,10101,12457,12259,10638,9454,10263,7347,10696,6846,1862,1996,2702,3114,2872,7482,9854,7115,10409
E06000015,29445,12441,13675,15140,14715,12394,10670,10681,7864,11721,8469,2797,3338,3941,4638,4419,9705,10213,7571,11198
E06000016,33894,15006,16648,18590,17223,15752,13104,10741,6997,10306,12038,3716,4185,5307,5672,6538,9694,9588,6296,9203
E06000017,2047,1473,2105,2767,2712,2562,2401,2766,2094,2828,693,241,277,392,434,676,1371,2681,2025,2554
E06000018,25709,9889,12613,15145,14845,12389,10154,9283,6575,9841,10242,2312,2771,3230,3402,3076,8395,8561,6085,8957
E06000019,11801,4850,8197,12347,13545,12774,11829,12427,9386,12713,5369,1630,2061,3166,3666,3723,8186,11805,9143,12317
E06000020,14400,7626,9662,12189,11649,9827,8829,8797,6392,7545,5270,1670,2163,2746,3051,2988,7562,8304,6132,7147
E06000021,21008,9925,12744,15375,15222,13644,11869,11624,8575,11013,8685,2674,3378,4297,4810,4920,9516,10943,8216,10465
E06000022,12653,6203,9320,11929,11940,10308,9150,9651,7277,10629,5965,1697,2214,2933,2958,2760,7620,9322,7094,10218
E06000023,43216,18024,21721,23807,23129,19209,16320,15505,11056,15987,18303,4443,4787,5519,6427,6495,13433,14632,10609,15354
E06000024,14273,8283,12396,14509,14930,12882,12171,13608,10583,14383,5801,2038,2656,3608,4205,4370,9589,12738,10305,13836
E06000025,21260,11272,15115,19227,18998,15443,13186,13832,11201,15069,9028,2728,2993,3817,4463,4510,11203,13320,10904,14527
E06000026,23602,11128,13399,16250,16295,14203,12364,12773,9567,12824,10736,2593,2975,3748,4096,4140,6278,12116,9179,12230
E06000027,9338,5032,6871,9168,9918,9157,8684,9555,7299,9953,4949,1594,2002,2719,3173,3537,3435,8827,6899,9151
E06000030,13669,7510,12752,15334,14874,12421,10129,9550,6815,9455,6379,2258,2948,3538,3999,3783,7621,9040,6575,8946
E06000031,13280,7958,10343,11753,11042,9491,8042,7755,5501,7884,5199,1953,2234,2887,3524,3919,5276,7288,5267,7394
E06000032,16050,8388,9297,11024,10577,8670,6984,6020,4578,6925,5000,1808,2138,2530,2682,2539,4895,5453,4208,6391
E06000033,13091,8094,10098,11254,11348,9647,8365,8867,6620,9295,4857,1914,2338,3103,3290,3627,5417,8167,6161,8617
E06000034,11746,7313,8827,10214,9716,7747,6357,6576,4261,5660,3765,1582,1957,2283,2583,2939,4779,6123,4048,5308
E06000035,18995,11920,13952,16934,17078,14620,12300,12517,8683,10722,7373,2631,2942,3627,4048,4314,7568,11200,8058,9971
E06000036,8266,6496,7441,8258,7875,6567,5330,4839,3439,4651,2855,993,1143,1335,1436,1236,4313,4568,3297,4336
E06000037,9174,6440,9243,11858,11242,9538,8222,8423,6225,7934,3242,1037,1436,1843,1968,2566,4829,8058,6070,7678
E06000038,11647,7335,8508,9347,8546,6871,5500,5083,3850,5567,4512,1393,1553,1777,2005,1810,3182,4686,3639,5217
E06000039,10982,8386,8059,7975,6931,5962,4682,3590,2317,3615,3920,1687,1868,1936,1900,2011,3687,3187,2145,3387
E06000040,9058,9060,9978,10737,10098,8353,6911,7056,5420,7985,2992,1217,1475,1713,2144,2444,5275,6679,5229,7361
E06000041,10276,8994,11369,11727,11324,9422,7597,7905,5994,8348,3672,1294,1605,1990,2678,2632,4610,7571,5835,8033
E06000042,17507,14323,15946,17027,15651,13473,11652,10842,7030,8583,6425,2765,3265,3859,4150,4184,7890,10245,6766,8228
E06000043,21834,11945,16815,18835,16948,12788,10352,9855,6932,10151,10055,2867,3445,4273,4124,3755,8491,9159,6528,9294
E06000044,22860,9200,10566,12576,12218,10023,8011,7899,5774,8044,8389,2185,2587,3324,3569,3317,6514,7310,5507,7689
E06000045,23901,9570,11258,12297,12441,10835,9130,8641,6430,8622,10530,2498,2667,2841,3169,3131,6212,7995,6038,8270
E06000046,11376,5119,6507,9361,10400,9987,9917,10836,8453,10255,5120,1635,2214,3216,3798,4126,8168,10299,8129,9329
E06000047,37776,20252,27057,35693,37631,33786,30087,30003,21363,27079,15807,5355,6547,9613,11527,12528,15523,28692,20819,26216
E06000049,24955,14257,21137,27440,28448,24509,21622,23775,17726,23732,12025,4179,5501,7586,8649,8543,17261,22897,17251,22987
E06000050,23396,12447,18434,23751,24914,21702,19030,20063,14659,19738,9626,3223,3937,5602,6765,7507,11153,19175,14209,18864
E06000051,20428,11911,16435,21936,23455,21298,19735,20770,16312,21016,9734,2994,4189,5737,6759,7189,16588,20046,15891,20285
E06000052,34705,21892,28425,37175,40014,37970,35812,39059,28762,35634,15998,5350,6911,9632,11938,12821,27609,37466,27916,34520
E06000053,372,123,104,145,159,129,120,141,124,163,81,47,34,55,56,62,112,138,124,162
E06000054,30355,16456,26213,35026,36078,31483,27823,29286,22055,29706,12716,4070,5553,7217,8331,9442,19079,28180,21442,28900
E06000055,11707,7853,9525,11467,11000,9291,7895,8084,5672,8119,5121,1936,2204,2702,2855,2809,5886,7490,5398,7798
E06000056,19870,14307,16504,19404,19757,16472,13863,14293,10379,12888,6972,2408,2755,3592,4197,4340,8097,13581,10020,12318
E06000057,21190,12365,16508,21642,24358,23641,21845,22479,15554,19686,8992,2981,3769,5070,6416,8090,13873,21446,15156,19029
E06000058,29622,19036,21085,24214,24514,21831,19898,21776,16614,25193,12719,4394,5164,6574,7682,8941,16108,20782,15963,24050
E06000059,24506,14259,19060,24981,27892,27345,26067,29640,22473,31216,10207,3360,4355,5954,7542,8143,16172,28266,21798,30026
E06000060,33211,24335,30651,37305,36726,30850,25833,26254,19979,28371,13560,5113,6043,7948,9340,9700,19696,24786,19254,26639
E07000008,12813,5638,6322,6612,6106,4932,4337,3950,3006,4534,6850,1258,1220,1475,1611,1860,2437,3687,2836,4260
E07000009,6154,4556,5614,6191,5975,5028,4611,4922,3561,4855,2559,896,1091,1254,1420,1628,3798,4747,3447,4700
E07000010,6403,3190,4994,6742,7068,6271,5946,6163,4643,6051,2561,777,979,1596,2101,2453,3623,5780,4430,5692
E07000011,13121,8155,10613,12540,12511,10762,9385,10080,7433,9059,5091,1789,2167,2698,2980,3574,6139,9635,7146,8664
E07000012,10516,7861,10324,11146,10762,8973,7870,8368,6341,8659,5077,2004,2255,2892,3139,3420,5203,8038,6136,8302
E07000026,8320,3830,5153,7290,7326,6888,6189,6601,4497,6126,3166,1022,1342,2235,2433,2473,3850,6278,4345,5673
E07000027,5022,2614,3552,4690,4815,4198,3725,3968,2915,3566,2371,669,884,1208,1686,1691,3210,3846,2852,3465
E07000028,7108,3745,5382,7112,7677,7235,6208,6325,4362,6154,4037,1104,1468,2452,2588,2790,4235,5883,4237,5939
E07000029,4703,1957,3418,4707,5363,4844,4188,4255,2973,3771,1775,554,677,1073,1338,1591,3222,4001,2838,3614
E07000030,2655,1920,2782,3944,4429,4106,3704,3847,2730,3628,1116,355,479,669,794,807,1973,3619,2679,3420
E07000031,5978,4127,5501,7317,8093,7638,6887,7731,5783,7827,2722,968,1428,2053,2638,2718,4865,7518,5642,7640
E07000032,8819,6052,7720,9314,9276,8123,7299,7984,5788,6762,3270,1058,1495,1899,1973,2114,6343,7701,5642,6589
E07000033,6420,3266,4391,5899,5690,4986,4234,4249,3405,3801,2704,840,1040,1444,1501,1626,2989,4054,3274,3644
E07000034,9086,4985,5969,7101,7424,6618,5838,5885,4391,5625,3355,1046,1281,1615,1767,3631,4658,5614,4163,5295
E07000035,3772,2838,3958,5528,5994,5406,4953,5423,4084,5136,1541,534,792,1164,1517,1542,3473,5273,3996,4993
E07000036,8470,5162,6458,8151,7978,6732,5919,6287,4735,6060,2796,885,1081,1600,1830,1840,5007,6023,4623,5901
E07000037,6364,4275,5224,6847,7253,6358,5377,5476,3925,4663,2705,894,1127,1602,1843,1595,3738,5294,3836,4339
E07000038,7684,4734,5711,7260,7399,6821,6246,6708,5367,6400,2721,914,1090,1503,1794,2526,4282,6387,5155,6119
E07000039,10521,5524,6511,7992,7392,6151,5566,5522,3946,4599,3411,1141,1426,1916,2154,2084,4414,5348,3863,4473
E07000040,8133,4859,7135,9656,10224,9828,9955,11581,9188,13174,4245,1376,1856,2559,2992,3330,7505,11040,8971,12551
E07000041,11411,4950,5974,7231,6934,5967,5310,5520,4130,6169,5580,1471,1629,2046,2176,2131,3371,5237,4009,5970
E07000042,4779,2968,4234,5768,6008,5339,5021,5285,3961,5133,2200,725,911,1180,1329,1282,2143,4850,3793,4913
E07000043,5401,3136,4619,6724,7325,6843,6110,6761,5218,6798,3062,1070,1403,1893,2172,2437,2405,6339,5080,6604
E07000044,4494,3022,4211,5909,6768,6601,6164,6725,4907,6260,2163,730,897,1308,1592,1993,3849,6372,4773,6039
E07000045,8360,5258,6851,9248,10263,9408,9034,9670,7369,9560,4054,1325,1629,2139,2554,2389,4317,9118,7140,9039
E07000046,3708,2065,3136,4681,5147,5164,4870,5311,3885,4711,1955,633,776,1182,1369,1434,1496,4960,3755,4574
E07000047,3128,2003,2809,3889,4523,4204,3971,4309,3263,4165,1827,639,852,1190,1562,1807,3031,4179,3188,4076
E07000061,8846,3999,5252,6273,6603,5966,5474,6253,4703,7398,4510,1601,2168,3136,4328,4042,4593,5964,4532,6953
E07000062,6126,2805,4222,5999,6237,5319,4846,4867,3379,4291,2792,931,1140,1809,2141,2165,2302,4237,3059,3915
E07000063,6376,3825,5410,6861,7083,6410,6144,6754,5141,7422,2794,1019,1319,1960,2645,2877,4887,6418,4936,6990
E07000064,5064,2416,3948,6002,6919,6778,6585,8062,6126,8554,2754,961,1329,1915,2336,2899,3705,7705,5938,8231
E07000065,8879,5190,8061,10889,11782,10780,9857,11120,8647,11355,4481,1536,2013,3185,3812,3916,7935,10645,8363,10907
E07000066,15257,9110,10253,12050,11610,9981,8047,8588,6008,8292,4363,1675,2008,2612,2887,3260,4841,7877,5695,7747
E07000067,9523,6005,8536,10872,10246,8760,7959,8604,6138,7636,3842,1335,1800,2376,2468,2540,5294,7980,5847,7141
E07000068,4467,3261,4278,5215,5368,4334,3627,3860,2892,4675,1351,568,657,853,1224,1356,2220,3670,2820,4531
E07000069,6263,3686,4643,5981,6095,5493,5087,6278,4764,5895,2043,709,957,1267,1650,1849,3652,5926,4534,5645
E07000070,12411,7886,10357,12007,11477,9774,8484,9370,6863,9492,5178,1716,2047,2603,2944,3040,5484,8897,6645,9161
E07000071,15121,6646,9456,11936,11346,9440,8295,9437,6817,8825,7183,2331,2526,3098,3218,3432,6459,8716,6480,8319
E07000072,8043,5740,6909,8928,9044,7572,6403,6771,5034,7127,2838,990,1377,1802,2187,2176,4137,6324,4834,6568
E07000073,6985,4351,4532,5380,5393,4580,3779,3292,2352,3604,2658,916,1125,1359,1654,1532,2808,3087,2256,3385
E07000074,3536,2075,3478,4933,5008,4634,4093,4573,3379,4135,1435,487,674,1067,1199,1407,3344,4385,3281,4021
E07000075,5746,3920,4972,6252,6124,5311,4629,5428,4067,5448,2357,895,1097,1445,1731,2153,3363,5157,3955,5233
E07000076,9800,3865,6178,9359,10386,10235,9969,11761,9037,11798,4098,1359,1748,2742,3166,3630,7710,10658,8422,11103
E07000077,5461,3945,5486,6637,6467,5509,4673,4881,3631,4845,1997,725,889,1244,1430,1498,2641,4688,3516,4604
E07000078,8034,4686,6350,7373,7700,6450,5475,5685,4398,6868,4263,1271,1519,1829,2133,1989,4852,5438,4292,6660
E07000079,4941,2957,5065,6440,7049,6290,5851,6156,4760,6391,1613,553,707,1161,1427,1830,4212,5893,4597,6098
E07000080,4516,1791,4048,5587,6167,5525,5074,5325,3948,4857,2025,608,775,1031,1248,1172,3734,4765,3771,4601
E07000081,11080,5782,6900,8384,8361,7115,5705,5586,4371,5796,4902,1554,1875,2421,2925,3332,4957,5299,4220,5597
E07000082,6429,5441,7371,8837,8872,8132,7147,7565,5476,7329,2656,878,1171,1577,1760,2433,6247,7356,5383,7205
E07000083,6050,4226,5295,6373,6733,5794,5375,5585,4289,5715,2910,937,1103,1448,1670,2330,4917,5414,4194,5549
E07000084,12316,7062,10807,12754,12301,9955,8219,8740,6211,7903,4894,1452,1694,1891,1964,3580,7365,8394,6018,7666
E07000085,7922,5326,7496,9033,9399,8420,7076,7573,5764,7914,2866,994,1225,1532,1927,2192,5586,7289,5620,7657
E07000086,10302,6330,7643,8901,8914,7771,6769,6918,5041,7224,3980,1317,1417,1688,1853,1879,4120,6453,4723,6870
E07000087,7849,5271,6478,7967,8569,7607,6405,7215,5655,7995,3324,1396,1674,2210,2335,2329,4852,6781,5422,7785
E07000088,6567,3246,4154,5350,5621,5099,4398,4720,3381,4621,2627,810,1162,1610,1971,2033,3695,4517,3265,4508
E07000089,6328,4711,6717,7094,6967,5575,4596,5141,4060,5452,2101,728,915,1097,1234,1537,3622,4992,3936,5339
E07000090,10026,5403,6407,8323,8896,8342,7236,7721,5935,8504,3754,1131,1415,1976,2254,2765,6001,7396,5732,8026
E07000091,10741,6569,8866,11880,13369,12302,11820,13228,10234,15152,4928,1635,2057,2672,3262,3325,7135,12678,9946,14483
E07000092,8018,4584,5665,6472,6331,4811,3928,4083,2976,3688,3706,1037,1204,1380,1492,1229,2907,3793,2833,3565
E07000093,8334,5814,7515,9036,9181,7830,6630,7382,5549,7296,3141,1009,1198,1451,1859,1845,4487,7070,5367,6882
E07000094,9063,5713,7529,8435,8578,7401,6343,6774,5222,7626,4008,1258,1504,1680,1792,1833,5146,6433,5067,7406
E07000095,6099,4311,5193,6438,6177,5134,4134,4375,3336,4910,1959,776,938,1168,1308,1434,2896,4203,3227,4713
E07000096,10199,8057,9138,10079,10120,8568,7050,6837,4926,7380,4374,1605,1842,2262,2790,2680,5609,6414,4699,6865
E07000098,9095,5744,6292,6803,6941,5682,4653,4802,3621,5543,3255,1420,1653,2029,2433,2662,4261,4615,3513,5337
E07000099,8555,7046,8324,8932,8950,7340,6300,6593,4907,7401,3383,1219,1429,1746,1970,1911,4331,6306,4753,7107
E07000102,6786,5093,6063,6581,6456,5141,4227,4352,3207,4743,2715,1095,1259,1595,1974,2068,3815,4168,3104,4575
E07000103,8907,5649,5843,6043,5335,4243,3355,3109,2348,3451,3519,1209,1336,1488,1507,1478,2918,2941,2233,3194
E07000105,8873,4545,6294,9139,8608,7192,6399,7092,5308,6508,4460,1534,1901,2481,2748,2558,3789,6720,5139,6296
E07000106,10695,5101,7063,9241,9592,8703,8303,9160,6750,9095,4850,1464,1717,2380,2786,3092,6081,8840,6606,8843
E07000107,8160,5421,5997,6792,6432,5232,4129,4096,2885,4338,3708,1492,1713,2043,2309,2496,3137,3859,2771,4118
E07000108,8315,3497,5250,7291,8068,7493,7073,7344,5484,6847,3744,1217,1570,2115,2612,2933,5206,6850,5153,6244
E07000109,7403,4478,5401,6705,6607,5420,4657,4729,3504,4981,3293,1211,1418,1931,2589,2343,3811,4445,3341,4713
E07000110,11250,7026,8828,11409,10993,9423,8229,9003,6510,8721,5170,1807,2294,2737,3211,3993,6611,8584,6296,8265
E07000111,6543,4719,6661,8177,8105,6978,6163,6727,5096,7179,2481,975,1152,1558,1869,2221,4346,6344,4900,6829
E07000112,7263,3945,5413,7243,7723,7067,6584,7500,5405,6952,3443,1263,1568,2192,2622,2869,5320,7130,5175,6559
E07000113,10114,5743,7001,9690,9978,8522,7394,8113,5684,6780,4075,1375,1621,1973,2364,2288,4640,7417,5454,6338
E07000114,10226,4691,6307,8510,9112,8374,8035,8953,6591,8387,5110,1645,2170,3155,3381,3982,4876,8473,6298,8070
E07000115,7948,6096,7917,9118,8825,7368,6085,6700,5052,6825,2902,1085,1288,1528,1685,1535,4926,6446,4922,6647
E07000116,6517,4955,6862,8218,7573,6437,5280,5779,4422,6367,2668,939,1319,1656,1944,2477,4576,5495,4282,6136
E07000117,5637,3345,4180,5310,5606,5043,4361,4597,3150,3744,2426,815,997,1423,1884,2083,3083,4364,3016,3558
E07000118,8939,4897,6475,8188,7999,6957,6161,6733,4802,5627,3502,1211,1448,2033,2516,2615,4558,6434,4658,5386
E07000119,6000,3215,4090,5548,6186,5928,5282,5833,4573,6228,2439,777,1123,1702,2294,2596,4361,5670,4467,6042
E07000120,5135,2460,3519,5014,4990,4422,3796,4038,2908,3496,1940,655,874,1263,1498,1949,2993,3752,2767,3290
E07000121,14895,6110,6871,8830,9257,8487,7548,7812,5648,7665,5753,1834,2138,3254,3771,3509,5730,7525,5513,7467
E07000122,5160,3070,3920,5324,5460,5059,4461,4715,3158,4010,1823,609,732,1004,1476,1839,2933,4311,2994,3648
E07000123,16953,6628,7437,8437,8376,7200,5818,5490,3893,5633,5327,1554,1773,2244,2735,3155,4645,5067,3706,5274
E07000124,4045,2386,3328,4630,4808,4395,3705,3961,2967,3864,1522,549,678,991,1170,1624,3377,3862,2928,3731
E07000125,4742,2654,3562,4844,4835,4130,3646,3782,2517,2984,1925,722,883,1276,1602,1495,2372,3626,2421,2867
E07000126,9199,4833,6416,7718,7900,6765,6144,6594,4637,5992,3181,970,1254,1452,1774,2201,3826,6275,4487,5687
E07000127,8974,4447,5905,7691,8304,7291,6375,6868,5145,6500,4046,1290,1733,2475,3041,3849,5403,6573,4990,6087
E07000128,9818,4119,5383,7303,8184,7913,7378,8180,6154,8321,4149,1424,1792,2397,3479,4210,6165,7871,5986,7989
E07000129,8796,4790,5631,6845,6697,6043,5171,5618,4163,5535,3295,1156,1490,1881,2177,2586,4423,5431,4050,5390
E07000130,14668,7546,9334,11368,10980,10031,9021,9099,6746,8763,4905,1579,1796,2355,2406,2949,6319,8690,6504,8245
E07000131,6053,3899,5526,7080,6980,5963,5343,5698,4280,5439,2375,911,1110,1524,2353,2658,4494,5488,4131,5221
E07000132,8249,4203,5861,7929,7756,7017,6473,7022,5111,6242,3187,915,1171,1494,1781,1986,4526,6499,4952,6024
E07000133,3027,1700,2659,3828,4082,3484,3174,3365,2410,2981,1072,367,439,633,743,946,2697,3250,2356,2762
E07000134,7127,4239,6154,7473,7117,6125,5528,5909,4266,4841,2334,772,1036,1321,1465,1768,4557,5636,4121,4653
E07000135,5509,2602,2956,3531,3622,3356,2827,2966,2327,3760,1921,711,774,926,1144,1378,2443,2814,2224,3382
E07000136,4707,2588,3372,4050,4309,3915,3579,3712,2797,3796,1993,600,734,1075,1179,1112,2957,3499,2663,3655
E07000137,8935,5044,6787,9415,10900,10914,10786,11931,8995,10445,3116,1005,1401,1995,2349,2538,6819,10989,8488,9868
E07000138,8799,3713,4432,5303,5538,4631,3969,3882,2761,3966,3743,886,1033,1412,1708,1632,2866,3615,2636,3833
E07000139,8382,5361,6762,8271,8650,7334,6497,7437,5746,7257,3716,1041,1406,2005,2389,2431,4869,7152,5596,7075
E07000140,5482,3550,4879,6112,6548,5691,5411,6065,4465,6108,1864,559,792,950,1216,1134,3774,5735,4279,5842
E07000141,8865,6548,8470,10068,10393,9250,8297,8937,6752,8350,2979,1061,1290,1630,2182,2574,6145,8557,6525,8022
E07000142,6722,3863,5036,6643,7198,6623,6142,6556,4957,5751,2614,808,1111,1549,1850,2261,4323,6326,4826,5594
E07000143,9058,4851,7033,9235,9888,8814,8440,9439,7076,9230,4488,1385,1858,2423,2952,3700,6206,8822,6753,8945
E07000144,8307,4296,7071,9398,9412,8389,7945,9061,6779,9549,4558,1421,1788,2310,2508,2730,5074,8736,6637,9325
E07000145,7302,3849,4892,6462,6806,6334,5955,6468,4874,5999,3977,1147,1419,1952,2176,2268,4480,6078,4704,5799
E07000146,9728,4431,7326,9658,10612,9825,9353,10404,8050,10657,5064,1511,2014,2703,3430,4011,7246,9882,7767,10302
E07000147,5352,2580,4438,6539,7583,8077,8012,9225,6892,9435,2542,755,1043,1381,1726,1848,4411,8870,6731,9202
E07000148,13882,4832,6671,7534,7135,6048,5613,5501,3987,5762,7737,1690,1918,2073,2156,1940,4233,5185,3874,5644
E07000149,9760,4839,7790,9588,9962,8920,8207,9274,7020,9282,4956,1661,2023,2472,2655,2775,4664,8909,6805,9049
E07000150,4635,2533,3150,4342,4489,3816,3102,2706,1968,2344,1400,445,498,719,846,792,1814,2455,1870,2219
E07000151,5415,3468,4977,6415,6512,5383,4772,5050,3579,4190,1983,683,864,1343,1742,1895,4072,4893,3493,4077
E07000152,5020,3528,5171,6748,6621,5480,5054,5549,3887,4737,1987,835,1089,1555,1787,1773,3603,5244,3743,4480
E07000153,7310,3825,5449,6930,6514,5349,4900,5239,3850,4632,3240,1158,1372,1962,2168,1816,3349,4850,3677,4403
E07000154,15566,9042,12029,13521,13008,10807,9242,9406,6501,8738,5825,2090,2503,2976,3406,3621,7016,8852,6204,8309
E07000155,5324,3981,5953,7342,7210,6065,5078,5589,3976,4650,1835,691,831,1148,1361,1412,3289,5404,3867,4495
E07000156,4561,2815,4266,5376,5136,4376,4074,4271,3078,3658,1587,619,727,1240,1445,1494,3049,4026,2951,3452
E07000163,4062,2363,2994,4181,4422,4309,3983,4090,3122,4057,1543,552,686,961,1228,1621,3087,3876,3024,3920
E07000164,4525,3411,4702,6507,7404,6634,6098,6577,4853,6542,2494,895,1207,1706,2382,2486,3911,6316,4767,6331
E07000165,9998,7672,9579,11904,12296,10781,9249,10040,7319,10656,4261,1514,1962,2464,2918,2948,6801,9687,7126,10350
E07000166,3126,1778,2479,3416,3636,3473,3056,3179,2239,2888,1197,308,382,531,618,806,1882,3024,2183,2621
E07000167,2803,2202,2900,3842,4382,4003,3812,4018,2979,3961,1297,424,595,881,1166,1227,2324,3588,2811,3850
E07000168,7238,3964,5383,7077,8242,7973,7492,8022,5789,7622,3920,1212,1620,2362,3004,4030,5323,7736,5649,7271
E07000169,5552,3976,5319,6573,6882,6032,5095,5339,3650,4364,2241,900,1198,1486,1995,2243,3624,5191,3579,4130
E07000170,10522,5015,6803,8667,8641,7218,6379,6490,5174,6066,4279,1385,1688,2146,2242,1996,4897,5840,4897,5655
E07000171,8640,5255,6398,8314,8729,7501,6607,7122,5262,6412,4230,1487,1810,3578,3888,4228,5069,6739,5032,6114
E07000172,8293,4741,5826,7369,7423,6553,5880,6629,4829,6394,3578,1113,1282,1629,1806,1640,5033,6376,4626,6078
E07000173,8630,4976,6370,8095,8127,7008,6385,6760,4818,6672,3730,1360,1560,1961,2167,1997,5572,6451,4641,6325
E07000174,9511,4169,5497,7165,7556,6631,5732,5569,4232,5136,3886,1317,1419,2001,2287,2110,4188,4611,3976,4691
E07000175,8474,4463,6535,8478,8809,7814,6976,7512,5555,6879,3333,1105,1532,1985,2255,2065,5509,6999,5322,6434
E07000176,8197,6040,7036,8226,8106,7015,6277,6724,5031,7005,3459,1370,1435,1723,1806,1642,5611,6534,4904,6696
E07000177,10046,7568,8744,10691,10608,8666,7314,7437,5296,7414,4179,1345,1595,1981,2302,2389,4914,7117,5140,7175
E07000178,14268,6513,7248,7762,7428,6064,4867,4640,3427,5048,7029,1468,1517,1652,1989,2108,3362,4334,3206,4671
E07000179,8467,6975,9010,10771,10386,8666,7362,7733,6253,8515,3259,1116,1422,1878,2131,2132,4845,7505,6099,8246
E07000180,7710,6391,8092,9140,9195,8034,6776,7137,5360,7632,3035,955,1100,1369,1589,1831,4435,6845,5226,7375
E07000181,7036,4306,6084,7851,8081,6928,5989,6350,4926,6872,2732,885,1056,1322,1592,1979,4197,6104,4807,6727
E07000187,7386,4394,6021,8162,8263,7413,6870,7355,5354,7178,3548,1314,1698,2398,2754,3287,5575,7164,5232,6994
E07000188,7413,3886,6044,8592,9064,7886,7353,8073,5927,7725,3556,1079,1471,2187,2736,2942,4568,7596,5712,7331
E07000189,11199,6304,8216,11334,12084,11129,10628,11825,8801,11473,5199,1628,2132,3027,3879,4068,8033,11347,8582,11101
E07000192,8166,4498,5781,7282,7122,5878,5143,5221,3947,4710,2942,845,1099,1430,1530,1553,4375,4965,3838,4528
E07000193,8333,4817,6591,8093,8018,7184,5946,6058,4602,5887,3500,1162,1572,2091,2487,2798,5125,5785,4448,5660
E07000194,6846,4489,5965,7557,7432,6329,5947,6744,5672,6379,2521,831,1146,1526,1750,1851,4807,6353,5478,6154
E07000195,9943,4746,6506,8361,8286,7621,6643,7157,5248,7107,4271,1292,1607,1962,2010,2241,5374,6843,5045,6872
E07000196,8559,4542,6048,7918,8324,7615,6697,7185,5890,7388,2922,1001,1247,1759,2102,2402,5723,6941,5725,7151
E07000197,10566,6248,7701,9570,9332,8498,7689,8166,6539,8181,4146,1507,1756,2388,2523,2595,6751,7835,6313,7939
E07000198,5977,3106,5098,7253,7180,6530,6140,6859,5161,6362,2753,921,1237,1709,1861,1928,5183,6554,5034,6201
E07000199,5626,2978,3926,5379,4863,4426,4194,4120,2940,3266,1846,563,783,992,1117,1529,3356,3917,2839,3087
E07000200,5497,2703,4421,6479,6680,6008,5755,6616,5041,6430,2603,910,1231,1815,2214,2722,4989,6378,4908,6211
E07000202,12191,5312,6799,8154,7867,6863,5958,5803,4108,6247,5546,1703,1980,2443,2718,4251,5360,5520,3931,5954
E07000203,7049,3125,5295,7186,7736,7067,6565,7112,5168,6576,3417,1023,1469,2054,2628,4036,5886,6909,5022,6403
E07000207,6989,7455,9548,9942,9144,7318,6029,6131,4642,7345,2797,1215,1494,1956,2236,2991,4558,5784,4380,6977
E07000208,5187,4162,5150,5420,5107,4102,3486,3848,2824,4039,2233,917,1127,1284,1394,1268,2885,3672,2719,3866
E07000209,9110,6603,8489,9120,9084,7474,6278,6480,4744,7107,4160,1189,1448,1747,1986,2105,5301,6162,4604,6870
E07000210,4592,3611,5071,6391,6522,5672,4990,5024,4086,6121,2128,783,1045,1288,1728,1881,4482,4840,3990,5932
E07000211,10496,7694,9126,9800,9645,7960,6529,6903,4973,7560,4351,1545,1868,2088,2278,2940,5374,6563,4806,7265
E07000212,5063,4079,4976,5428,5459,4493,3668,3732,2898,4466,1847,676,865,1418,1838,2568,3070,3461,2767,4227
E07000213,6115,4959,5702,6702,6901,5414,4391,4525,3564,5456,2048,785,927,1424,1736,2527,3671,4299,3417,5161
E07000214,5533,4739,5846,6545,6408,5264,4322,4483,3523,5122,2640,978,1176,1478,1769,3292,3777,4327,3468,4969
E07000215,5484,3850,5309,6199,6149,5239,4487,4623,3600,5137,2370,892,1039,1445,1929,2123,3631,4404,3450,4932
E07000216,6527,6172,8411,9150,8631,7457,6386,6944,5615,8540,2613,985,1248,1648,1804,1938,5519,6628,5427,8300
E07000217,6300,4940,6302,6606,6292,5199,4329,4314,3151,4859,2356,896,964,1637,1759,2437,3585,3992,3015,4518
E07000218,4552,2766,3668,4797,4752,4249,3663,3881,2910,3525,1668,502,716,1081,1362,1550,3215,3757,2796,3192
E07000219,9853,5140,6779,8626,8428,7285,6634,6800,5178,6183,4096,1314,1567,1923,2160,2164,5239,6418,4897,5852
E07000220,6357,4621,5944,7279,7109,5872,4936,5260,4378,5569,3107,1228,1542,1993,2467,2623,4519,5054,4238,5344
E07000221,7477,5725,7737,9774,10122,9034,8085,8814,7119,9232,3235,1109,1387,2182,2989,3496,7396,8573,6929,8940
E07000222,10061,7706,8533,9388,9007,7661,6839,7093,5622,7754,4794,1589,1910,2455,3140,3332,6043,6841,5433,7287
E07000223,4182,2959,3879,4331,4260,3754,3442,3944,3014,4354,1913,746,965,1139,1512,1529,2397,3809,2929,4248
E07000224,9220,4659,7357,10231,10943,10310,10205,12214,9470,13377,4889,1638,2097,2674,3249,3726,6505,11530,9109,12836
E07000225,7221,4098,6195,7799,8780,8440,7734,8529,6817,9690,3888,1354,1659,2376,2811,4518,5087,8069,6525,9335
E07000226,9391,5913,6482,6876,6541,5627,4393,4026,2568,4034,3572,1418,1526,1795,1953,1855,3712,3848,2481,3866
E07000227,9453,6236,8314,10332,10768,9361,8120,8720,6592,9284,4042,1447,1762,2332,2746,2939,6797,8399,6423,8938
E07000228,9156,6387,9317,10537,10052,8390,7555,7967,6267,8766,3966,1485,1682,1958,2010,1926,5934,7624,6116,8505
E07000229,8038,4595,5981,7458,7394,6267,5541,6367,4727,7392,4703,1619,2054,2794,2811,2839,3777,6071,4519,6993
E07000234,7588,4595,5961,7018,6987,6039,5538,5676,4554,6353,2942,1150,1351,1743,1984,2036,4397,5520,4421,6154
E07000235,5077,2536,4061,5524,6123,5752,5276,5865,4405,6082,1875,687,982,1858,2090,2623,4352,5618,4268,5884
E07000236,7162,3548,4424,5235,5104,4755,4635,4583,3078,3376,2064,732,769,1011,1156,1177,3472,4284,2949,3215
E07000237,8201,3598,5501,6781,6595,5410,4818,4737,3475,4679,4015,1280,1486,1798,2085,2050,3707,4338,3306,4498
E07000238,8330,4602,6947,9353,9828,8703,8206,8807,6621,8580,3086,1105,1449,1957,2506,3634,7297,8551,6474,8366
E07000239,6390,3808,5261,7114,7022,6072,6083,7053,5524,6374,3050,1117,1584,2144,2526,3119,5169,6800,5370,6225
E07000240,8250,9467,10539,10658,9596,7633,6254,6400,4790,7435,2945,1100,1330,1839,2189,2121,5346,6114,4656,7198
E07000241,8056,5465,5931,6904,6966,5975,4693,4531,3429,5499,2774,1010,1052,1285,1508,1350,3114,4307,3347,5327
E07000242,9352,7416,9671,10828,10551,8582,6989,7354,5138,7383,3665,1288,1655,2090,2329,2440,5651,7131,5022,7194
E07000243,8023,4379,4721,5689,5808,4702,3560,3359,2445,3689,3282,924,1126,1373,1543,1732,2668,3214,2390,3569
E07000244,16271,7692,12452,16598,17835,17131,16090,18324,13805,18623,7996,2514,3393,4748,6774,9535,13000,17383,13359,18096
E07000245,11295,5839,8719,11242,11206,9660,8794,9898,7564,10046,5611,1769,2213,2901,3331,3562,6580,8822,6902,9186
E07000246,11982,5604,7605,10223,10914,10254,9746,10354,8006,11211,6270,1814,2243,3015,3730,4524,6773,9984,7827,10945
E08000001,20784,11039,14127,17825,17531,14971,13096,13659,9761,12093,8798,3033,3853,5005,6012,5978,9971,12478,9190,11311
E08000002,13592,7540,9533,11935,12219,10477,8978,9624,6819,8708,7304,2640,3267,4366,5409,6218,7673,9082,6489,8091
E08000003,49796,21170,22973,25860,23315,19395,15219,13048,8674,11718,20902,5680,6245,8267,8688,8957,12182,11761,7957,10578
E08000004,19688,7938,10600,13910,13437,11569,10227,10237,7350,9102,7687,2660,3401,4784,5512,5283,7754,9518,6914,8510
E08000005,17488,8541,10433,13163,12979,11478,10275,9937,6731,8296,6992,2558,3004,4300,4942,5197,7869,9130,6294,7566
E08000006,21660,8446,10674,13269,13534,11569,9070,9539,6690,9060,10122,2785,3178,4132,4888,4464,6668,8738,6256,8328
E08000007,21573,11609,15202,19071,19287,16780,14807,15290,11277,16326,9953,3607,4144,5361,6905,7224,12897,14629,10952,15845
E08000008,17789,9487,11725,14886,15058,12726,10694,11117,7671,9207,7481,2529,2988,4148,5137,5076,9269,10469,7204,8118
E08000009,17974,11183,13650,15140,14864,12417,10418,10411,7752,11461,7474,3311,3694,4469,5734,5836,8812,9900,7430,10941
E08000010,25007,13227,17093,22539,21400,18421,16074,17715,13154,14375,10754,3478,4465,6125,6612,6468,10181,16610,12579,13540
E08000011,13266,5068,6753,9555,10798,9898,7859,6670,4290,6413,5397,1758,2168,3066,3936,4056,5853,6189,4009,5974
E08000012,47083,18172,20095,25248,27981,25674,21158,19160,12709,17761,20271,5449,6363,8994,11414,12215,14834,17319,11566,15972
E08000013,17157,6913,9919,12264,12513,10921,9573,10199,7358,9192,7325,2461,3205,4355,4948,4921,8325,9674,7023,8692
E08000014,20917,9125,12565,17805,19866,18484,16031,15838,11984,18035,8160,2841,3502,4890,6311,6933,10977,14640,11399,16951
E08000015,25304,13043,16680,20796,22309,20377,18222,18485,13002,18355,11376,3935,4754,6935,8562,9875,15055,17650,12596,17482
E08000016,18709,10554,12836,17185,16880,14847,12895,12763,9390,11280,7837,2442,2949,4319,4783,5160,9249,11994,8997,10732
E08000017,27000,13761,15812,19818,20729,18668,16017,15992,11342,15120,9940,3049,3806,5170,6106,6777,12937,15053,10838,14418
E08000018,27173,12361,14584,17951,17540,15716,13627,13881,10399,12865,9133,2780,3526,4925,5373,5819,12000,13371,10097,12500
E08000019,49051,24313,27383,33084,32000,27830,23724,23919,18376,25566,20024,5508,6658,8691,9551,9854,14621,22352,17584,24397
E08000021,25127,8920,11581,14665,15763,14480,12058,11453,7605,11681,11231,2529,2829,3407,3982,4375,9337,10674,7243,11117
E08000022,15764,8592,11170,13457,14255,12933,11746,11500,7698,10816,6493,2176,2470,2910,3466,3327,9297,10939,7449,10457
E08000023,10742,6437,7365,9566,10468,9905,8442,8163,5448,7846,4739,1562,1965,2800,3425,4039,7394,7833,5308,7478
E08000024,21206,11626,14592,18258,19114,18076,15611,15173,10090,14070,8750,2749,3286,5264,6260,6871,12272,14458,9787,13641
E08000025,89249,44595,48650,56325,52937,46379,38808,35243,26514,39008,31375,10351,11905,15564,17205,18654,29425,32405,24727,35837
E08000026,26299,15139,16211,18895,17753,15418,12828,12233,9728,13709,10531,3670,4259,5504,6079,6204,10175,11396,9232,12925
E08000027,25376,13008,16353,21223,20462,17413,16026,16506,13463,17687,8725,2735,3597,4382,4713,4543,11889,15455,12895,16973
E08000028,26221,13071,16232,19657,18275,15539,12953,12002,9238,12553,8454,3063,3754,4833,5136,5022,10090,11021,8663,11527
E08000029,17545,9832,12064,14504,14498,12455,10571,11750,9246,12731,5153,1986,2327,2920,3533,3699,9072,11349,8947,12293
E08000030,24219,12042,13954,17301,16641,14508,12357,12113,9630,13775,8055,2642,3206,4357,4489,4598,10289,11407,9245,12937
E08000031,20900,11122,12950,15547,14607,12844,11204,10392,7914,11929,7160,2613,3128,3769,4096,4291,8015,9635,7435,11150
E08000032,40839,20629,24633,29289,28861,26358,22503,21233,13800,20852,16040,5854,6689,8726,9801,11289,17847,19795,13031,19683
E08000033,14769,8991,11619,14557,14077,12323,10387,10740,7468,9241,6048,2124,2792,4055,4433,4956,7009,10026,7119,8329
E08000034,29068,16671,21784,27501,26139,22959,19976,20567,14476,18639,14177,4961,6059,8837,9798,10329,17025,19691,13994,17629
E08000035,66540,31094,39208,45459,44555,38320,32203,33289,23264,33502,31076,9140,10586,14162,16108,16965,26494,31705,22406,31608
E08000036,26175,13207,18823,24289,23579,20384,17826,18007,12938,15869,11036,3223,4250,7244,7791,7997,15394,17266,12579,15445
E08000037,15027,8387,9863,12708,13424,11982,10281,10492,7252,10749,6373,1980,2304,3096,3813,4038,5051,9957,7000,10059
E09000001,638,351,448,488,463,380,336,307,206,242,205,46,63,74,94,105,290,290,198,234
E09000002,13875,8993,10056,11034,9570,7442,5354,4330,2987,4586,5061,2435,2870,3453,3422,3095,3514,3813,2669,4190
E09000003,31137,19059,20668,21314,19885,17208,14181,13398,9821,14776,12783,5291,6083,7956,9902,11346,12249,12501,9252,13895
E09000004,15633,10190,12249,15264,15127,12703,10123,10086,7521,11462,6150,2631,3130,4384,5862,6562,8905,9603,7219,10879
E09000005,28709,14295,16348,17436,16213,14006,10901,8659,6287,9193,10375,3551,4384,6949,7679,8720,8754,7524,5562,7798
E09000006,20557,12849,18967,21369,20575,17111,13833,14873,10898,16540,9223,3818,4613,5826,7293,9547,11815,14096,10354,15711
E09000007,19698,10249,10855,11349,10032,8292,6588,6105,4554,5889,6850,1932,2176,3176,3504,5264,5443,5572,4221,5457
E09000008,26111,15130,17847,21263,21235,17498,13789,12773,8978,13064,10252,4074,4640,6154,7191,7818,10143,11482,8133,11367
E09000009,24890,14902,18689,20417,18583,15423,12389,10578,7366,10612,9524,3665,4269,5476,6966,7909,10343,9663,6829,9879
E09000010,27015,16458,16891,18425,17958,14920,11543,10220,7492,11536,9438,4333,5490,8741,12332,11751,10170,9557,6980,10642
E09000011,18844,14191,14189,15164,13663,10927,8453,7470,5233,6746,7590,3105,4329,4991,5742,5376,7032,6905,4874,6250
E09000012,21049,10290,10817,11839,10807,8427,6261,4843,3074,4037,7553,2133,2246,2708,2938,2701,4770,4185,2705,3522
E09000013,15631,7971,9117,9824,8565,6351,5025,4543,3173,4230,6165,1367,1611,2116,2458,2612,3857,4076,2879,3801
E09000014,16781,11791,14227,14512,13242,10161,7744,6419,4378,5968,6633,2501,3077,3822,4929,4723,6272,5804,3944,5268
E09000015,23133,11345,11973,13627,13532,12521,10707,9334,7010,10705,10472,4084,4756,6333,7374,8261,9778,8860,6670,10182
E09000016,17942,10192,12502,15279,15504,13748,11135,11663,8404,12785,6359,2433,2795,3772,4478,5046,7894,10992,8014,12124
E09000017,24107,13355,15498,17497,16691,13907,11027,9927,7138,11105,9337,3592,3949,4897,6577,6462,9390,9228,6708,10433
E09000018,20363,13617,15266,16096,14429,12130,9760,8331,5755,7744,8344,3532,4026,5557,5788,6240,7992,7637,5341,7230
E09000019,18994,8885,9458,10688,10003,7742,5808,5058,3384,4395,7078,1819,1914,2495,2951,2891,4727,4543,3046,3908
E09000020,9865,6187,7310,8291,7952,6231,5042,4769,3639,4714,3092,955,1266,1755,2302,3259,4156,4268,3270,4277
E09000021,11623,7643,10210,10509,9414,7669,6410,6328,4390,6143,5260,1750,2031,2428,3306,3645,5617,5988,4241,5911
E09000022,29538,15296,15824,16301,14890,11227,7905,6178,4116,5949,11291,3330,3670,4535,5708,5545,6279,5476,3578,5137
E09000023,20670,13486,14745,15397,14496,11272,7846,6317,4549,6639,8426,3204,3628,4413,5021,4912,6288,5670,4074,5948
E09000024,15464,11084,11972,12360,11068,9254,7336,6576,4505,6876,7493,2962,3297,4343,4744,5320,6387,6110,4170,6281
E09000025,29965,15259,15135,15943,13517,10991,8058,5682,3580,4992,8626,2737,2954,3352,3245,3358,5168,4761,3044,4281
E09000026,22599,14072,14517,15784,14664,12757,10405,9069,6274,9628,9383,3902,4301,5070,5557,5904,8097,8325,5876,8864
E09000027,10912,10572,13503,13694,12385,9675,7989,8403,5949,7818,4276,1801,2176,2792,3472,3661,6549,8011,5729,7473
E09000028,25745,14551,15457,16513,15060,11545,7597,6025,3940,5553,9515,2571,3226,4319,5131,4713,5705,5325,3447,4762
E09000029,15080,10226,12043,12908,12408,9809,8097,8010,5698,8435,7095,2866,3227,4066,4358,4128,6630,7603,5466,7911
E09000030,29400,13735,12613,11773,9449,7598,5532,3994,2586,3950,8766,2288,2126,2075,2021,2953,3431,3410,2162,3307
E09000031,20063,12175,12638,14045,12683,10325,7771,6511,4651,6559,6526,2410,2715,4248,4670,5005,5867,5826,4171,5800
E09000032,30315,17055,16784,15931,13750,10795,8241,7749,5259,7437,12785,3088,3331,4090,4522,5095,6903,7079,4865,6875
E09000033,17590,9392,10283,10995,10166,8170,6217,5554,4259,5664,5153,1713,2011,2689,3345,4658,4822,4888,3805,5017
